tag,search_terms,notes
acoustic products,"['acoustic products', 'eco-friendly acoustic products']",
acute lung injury,"['acute kidney injury', 'acute lung injury']",
agriculture supply chain,"['agricultural supply chain', 'agriculture supply chain', 'supply chains']",
air conditioning,"['air conditioning', 'air-conditioning', 'climate control']",
air pollution control,"['air pollution', 'air pollution control', 'air pollution health', 'pollution control']",
air purification,"['advanced filtration', 'air filters', 'air filtration', 'air filtration technology', 'air purification', 'air purifier', 'air quality filtration', 'natural air purification', 'uv air purifiers']",
air quality monitoring,"['air quality', 'air quality data', 'air quality monitoring', 'air quality sensors', 'air quality tracking']",
airborne pathogens,"['airborne allergens', 'airborne contaminants', 'airborne infectious diseases', 'airborne particles', 'airborne pathogens', 'airborne toxins']",
alarm systems,"['alarm systems', 'security alarms']",
allergen extracts,"['allergen extracts', 'allergy extracts']",
allergy care,"['allergy care', 'allergy management', 'allergy treatment plans', 'customized allergy care']",
allergy shots,"['allergy shots', 'allergy shots alternative']",
allergy testing,"['allergy diagnosis', 'allergy testing', 'at-home allergy testing']",
allergy triggers,"['allergens', 'allergy risks', 'allergy triggers']",
anti-inflammatory therapies,"['anti-inflammatory agents', 'anti-inflammatory drugs', 'anti-inflammatory therapies']",
antibiotic resistance,"['antibiotic resistance', 'antibiotic susceptibility', 'antimicrobial resistance']",
antimicrobial materials,"['antimicrobial materials', 'antimicrobial plastic', 'antimicrobial textiles']",
antimicrobial solutions,"['antimicrobial solutions', 'microbial solutions']",
antimicrobial surfaces,"['antimicrobial nanosurfaces', 'antimicrobial surfaces']",
antiviral therapies,"['antifungal therapies', 'antiviral drug discovery', 'antiviral drugs', 'antiviral therapeutics', 'antiviral therapies', 'fungal infections']",
asbestos inspections,"['asbestos inspections', 'asbestos remediation']",
asthma,"['asthma', 'asthma management']",
autoimmune reactions,"['autoimmune diseases', 'autoimmune reactions', 'immune responses']",
battery materials,"['battery materials', 'battery technology', 'lithium-ion batteries']",
biochar,"['biochar', 'bioheat']",
biodefense,"['biodefense', 'biodefense threats']",
biodegradable,"['biodegradability', 'biodegradable', 'biodegradable biopolymer', 'biodegradable materials', 'biodegradable packaging']",
biodiversity conservation,"['biodiversity', 'biodiversity conservation', 'biodiversity loss', 'biodiversity protection', 'wildlife conservation']",
biohazard cleaning,"['biohazard cleaning', 'biohazard cleanup', 'biohazard events', 'hazardous material cleanup']",
biometric sleep data,"['biometric monitoring', 'biometric sensing', 'biometric sleep data']",
bipolar ionization,"['bipolar ionization', 'ionization']",
breathing exercises,"['breathing exercises', 'breathwork']",
broad-spectrum sun protection,"['broad-spectrum spf', 'broad-spectrum sun protection', 'broad-spectrum uva/uvb protection']",
building envelope airtightness,"['air sealants', 'building envelope airtightness']",
building safety,"['building safety', 'construction safety']",
burnout,"['burnout', 'burnout prevention']",
carbon capture,"['carbon capture', 'carbon dioxide capture', 'carbon removal', 'carbon removal solutions', 'emissions capture']",
carbon dioxide emissions,"['carbon dioxide emissions', 'carbon emissions', 'co2 emissions']",
carbon emission reductions,"['carbon emission reductions', 'carbon emissions reduction', 'carbon reduction', 'carbon reduction goals', 'emissions reduction']",
carbon footprint,"['carbon footprint', 'carbon-negative', 'carbon-negative footprint']",
cdc guidelines,"['cdc guidelines', 'who guidelines']",
cellular agriculture,"['biotechnology', 'biotechnology agriculture', 'cellular agriculture']",
chemical dosing,"['chemical dosing', 'chemical injection']",
chemical-free water treatment,"['chemical-free', 'chemical-free water treatment']",
child development,"['child development', 'child health']",
chronic disease prevention,"['chronic care management', 'chronic conditions', 'chronic disease', 'chronic disease management', 'chronic disease prevention', 'chronic illness management', 'clinical disease management', 'disease management']",
clean water solutions,"['clean water', 'clean water access', 'clean water solutions', 'clean water technology', 'safe drinking water solutions', 'safe water solutions', 'safe water systems']",
climate,"['climate', 'weather']",
climate change,"['climate change', 'climate change impacts', 'climate change research', 'climate crisis', 'climate health impacts', 'climate impact', 'climate impact assessment']",
climate change adaptation,"['climate adaptation', 'climate adaptation planning', 'climate adaptation strategies', 'climate change adaptation', 'climate health adaptation']",
climate change and health,"['climate and health', 'climate change and health', 'climate change health impacts']",
climate protection,"['climate action', 'climate protection', 'climate science', 'climate smart technology', 'climate technology']",
climate-related risks,"['climate change challenges', 'climate health risks', 'climate risk', 'climate risk assessment', 'climate risk management', 'climate risk technology', 'climate risks', 'climate-related challenges', 'climate-related disasters', 'climate-related risks']",
clinical trials,"['clinical research', 'clinical research support', 'clinical studies', 'clinical trials']",
cognitive function,"['cognitive function', 'cognitive health']",
cognitive-motor training,"['cognitive training', 'cognitive-motor training']",
cold therapy,"['cold plasma technology', 'cold therapy']",
cold-chain logistics,"['cold chain', 'cold chain shipping', 'cold-chain logistics', 'technology logistics']",
color-changing inks,"['color-changing inks', 'photochromic inks']",
commercial cleaning,"['clean cooking', 'commercial cleaning']",
commercial hvac,"['commercial hvac', 'hvac', 'hvac systems', 'residential hvac']",
community development,"['community development', 'community empowerment', 'community engagement', 'community health', 'community health and environment', 'community health outcomes', 'community health workers', 'community healthcare', 'community innovation', 'community investment', 'community mental health', 'community organizing', 'community outreach', 'community participation', 'community revitalization', 'community support', 'community well-being', 'community wellness', 'community-based initiatives', 'community-based participatory research', 'culturally inclusive wellness', 'neighborhood revitalization']",
community gardens,"['community gardens', 'community kitchens', 'community solar']",
community safety,"['community safety', 'public safety']",
conflict zones,"['conflict zones', 'humanitarian crises']",
cool sleep environment,"['cool sleep environment', 'sleep climate']",
cooling solutions,"['bed cooling systems', 'cooling solutions', 'cooling systems', 'cooling technologies']",
copper ions,"['copper ions', 'copper-enhanced products']",
crisis response,"['crisis intervention', 'crisis response', 'crisis response technology']",
crop protection,"['crop protection', 'rainforest protection']",
culturally sensitive care,"['culturally informed care', 'culturally sensitive care']",
data-driven agriculture,"['data-driven agriculture', 'data-driven decision-making', 'precision agriculture']",
depression,"['anxiety', 'depression']",
digital mental health,"['digital health', 'digital health innovation', 'digital health monitoring', 'digital health platforms', 'digital health solutions', 'digital health tools', 'digital healthcare', 'digital mental health']",
disaster preparedness,"['disaster management', 'disaster preparedness', 'disaster preparedness kits', 'disaster preparedness technology', 'disaster preparedness training', 'emergency preparedness', 'emergency preparedness kits', 'environmental disaster preparedness', 'healthcare emergency preparedness', 'natural disaster preparedness']",
disaster resilience,"['community disaster resilience', 'community health resilience', 'community resilience', 'disaster resilience', 'disaster risk', 'disaster risk insurance', 'disaster risk management', 'disaster risk reduction', 'emergency resilience', 'natural disaster risk']",
disaster response,"['catastrophe response', 'disaster relief', 'disaster response', 'emergency relief', 'environmental disaster response']",
disease spread,"['disease outbreaks', 'disease spread', 'infectious disease outbreaks']",
disinfect surfaces,"['disinfect surfaces', 'self-disinfecting surfaces', 'sterilize surfaces']",
disinfection,"['disinfectant technology', 'disinfectants', 'disinfecting', 'disinfection', 'disinfection technology', 'facility disinfection', 'surface disinfection']",
distributed energy resources,"['distributed energy', 'distributed energy resources']",
drought challenges,"['drought challenges', 'drought management']",
drug-resistant infections,"['antibiotic-resistant infections', 'drug-resistant bacteria', 'drug-resistant infections', 'drug-resistant pathogens']",
ductless systems,"['ducted systems', 'ductless systems']",
eco-friendly materials,"['eco-friendly materials', 'eco-friendly solutions', 'sustainable fabrics', 'sustainable materials']",
electrolyte balance,"['electrolyte balance', 'electrolyte blends', 'electrolyte powders', 'electrolyte replenishment', 'electrolytes', 'hormone balance']",
emergency food programs,"['emergency food', 'emergency food programs', 'meal programs']",
emergency medical services,"['emergency medical', 'emergency medical coverage', 'emergency medical relief', 'emergency medical services', 'emergency medical supplies', 'emergency medical systems', 'emergency medical transport', 'emergency operations', 'emergency operations management', 'emergency services', 'emergency supplies', 'medical coverage']",
emergency response,"['emergency medical response', 'emergency response', 'emergency response coordination', 'emergency response skills', 'emergency response technology']",
energy consumption,"['energy consumption', 'energy costs']",
energy resilience,"['climate resilience', 'climate resilience health', 'crop resilience', 'energy resilience', 'environmental resilience', 'health resilience', 'health system resilience']",
energy savings,"['energy savings', 'energy savings incentives', 'energy-saving projects', 'energy-saving solutions']",
energy services,"['energy infrastructure', 'energy services']",
energy-efficient,"['energy efficiency', 'energy efficiency programs', 'energy efficiency technology', 'energy efficient design', 'energy management', 'energy-efficient', 'energy-efficient buildings', 'energy-efficient designs', 'energy-efficient heating', 'energy-efficient heating systems', 'energy-efficient housing', 'energy-efficient hvac', 'energy-efficient technologies', 'environmentally friendly hvac', 'sustainable hvac']",
environmental conservation,"['ecological conservation', 'environmental conservation', 'environmental protection']",
environmental constraints,"['environmental challenges', 'environmental constraints', 'environmental health challenges']",
environmental health,"['community environmental health', 'environment and health', 'environmental health', 'environmental health and safety', 'environmental health care', 'environmental health initiatives', 'environmental health interventions', 'environmental health monitoring programs', 'environmental health outreach', 'environmental health partnerships', 'environmental health planning', 'environmental health policy', 'environmental health practices', 'environmental health programs', 'environmental health projects', 'environmental health protection', 'environmental health research', 'environmental health research programs', 'environmental health safety', 'environmental health safety programs', 'environmental health science', 'environmental health support', 'environmental health training', 'environmental safety']",
environmental health and justice,"['community environmental justice', 'environmental advocacy', 'environmental equity', 'environmental health advocacy', 'environmental health and justice', 'environmental health and justice leadership', 'environmental health awareness', 'environmental health communication', 'environmental health engagement', 'environmental health equity', 'environmental health leadership', 'environmental justice', 'environmental justice advocacy', 'environmental justice initiatives', 'environmental justice leadership', 'environmental policy advocacy']",
environmental restoration,"['ecosystem restoration', 'ecosystems restoration', 'environmental cleanup', 'environmental contaminant remediation', 'environmental remediation', 'environmental restoration', 'forest restoration']",
environmental site assessments,"['environmental hazard assessment', 'environmental risk assessment', 'environmental risk assessments', 'environmental site assessments']",
environmental stewardship,"['environmental stewardship', 'water stewardship']",
environmentally sustainable,"['energy sustainability', 'environmental responsibility', 'environmental sustainability', 'environmental sustainability practices', 'environmental sustainability programs', 'environmental sustainability reporting', 'environmentally friendly', 'environmentally friendly practices', 'environmentally responsible', 'environmentally sustainable', 'environmentally sustainable practices', 'sustainability', 'sustainability practices', 'sustainable building practices', 'sustainable buildings', 'sustainable energy']",
esg principles,"['esg initiatives', 'esg principles']",
fire extinguisher training,"['fire extinguisher training', 'fire extinguishers']",
fire risk,"['fire dangers', 'fire risk', 'fire risk monitoring']",
fire safety,"['fire prevention', 'fire prevention technology', 'fire protection', 'fire protection design', 'fire resistance', 'fire safety', 'fire safety certification', 'fire safety codes', 'fire safety education', 'fire safety emergency service', 'fire safety engineering', 'fire safety equipment', 'fire safety inspection', 'fire safety maintenance', 'fire safety management', 'fire safety reporting', 'fire safety services', 'fire safety solutions', 'fire safety standards', 'fire safety testing', 'fire safety training']",
fire sprinkler systems,"['fire sprinkler systems', 'fire sprinklers']",
fire suppression,"['fire suppression', 'fire suppression hardware', 'fire suppression nozzle', 'fire suppression systems', 'fire suppression technology']",
fire system installation,"['fire system compliance', 'fire system installation']",
firefighter equipment,"['firefighter equipment', 'firefighter training']",
firefighting,"['firefighting', 'firefighting techniques']",
flood management,"['flood control', 'flood management', 'flood mitigation', 'flood protection', 'flood risk management']",
flood risk,"['flood resilience', 'flood resilience technology', 'flood risk', 'flood risk reduction', 'flood threats']",
food allergies,"['food allergies', 'pet allergies']",
food donation,"['food donation', 'food rescue', 'local food donors']",
food pantries,"['food pantries', 'mobile pantries']",
food safety,"['food product contamination', 'food safety', 'food supply safety']",
food security,"['food insecurity', 'food security', 'food security initiatives']",
food systems,"['food systems', 'food systems transformation', 'sustainable food system', 'sustainable food systems']",
fresh produce,"['fresh fruits', 'fresh produce', 'fresh vegetables']",
geothermal cooling,"['geothermal cooling', 'geothermal heating', 'geothermal technology']",
global health,"['global health', 'global health education', 'global health organizations', 'global health security', 'global health threat']",
global partners,"['food industry partners', 'global partners', 'public-private partnerships']",
greenhouse gas emissions,"['greenhouse gas assessment', 'greenhouse gas emission reduction', 'greenhouse gas emissions']",
hazard abatement,"['hazard abatement', 'hazard mitigation', 'hazard mitigation assistance']",
hazardous chemicals,"['chemical hazards', 'hazardous chemicals', 'hazardous materials', 'hazardous materials incidents', 'hazardous waste', 'hazardous waste disposal', 'hazardous waste management']",
hazardous gas detection,"['hazardous gas detection', 'multi-gas detection', 'toxic gas sensors']",
hdpe pipes,"['hdpe pipes', 'high-density polyethylene']",
health access,"['health access', 'health protection', 'health security', 'healthcare access', 'healthcare accessibility']",
health advocacy,"['health advocacy', 'health policy advocacy', 'health promotion', 'health promotion programs', 'nutrition advocacy', 'policy advocacy']",
health and safety compliance,"['health and safety', 'health and safety compliance', 'health and safety programs', 'health compliance', 'safety compliance']",
health data,"['health data', 'health data management', 'health data privacy', 'health data sharing', 'public health data']",
health equity,"['global health equity', 'health disparities', 'health equity', 'health inequities']",
health innovation,"['health innovation', 'health technology', 'health technology development', 'healthcare innovation', 'healthcare technology']",
health monitoring,"['health monitoring', 'health monitoring devices', 'health monitoring technology', 'metabolic health', 'metabolic health monitoring', 'public health monitoring']",
health regulations,"['health regulations', 'public health regulations']",
health risks,"['health challenges', 'health impacts', 'health risks']",
health savings account,"['flexible spending account', 'health savings account']",
health services,"['clinical services', 'health centers', 'health facilities', 'health services', 'health system', 'health systems', 'healthcare systems', 'home health services', 'mobile health centers']",
health status,"['health', 'health status']",
health training,"['health education', 'health training']",
healthcare,"['health service delivery', 'healthcare', 'healthcare delivery', 'healthcare environments', 'healthcare infrastructure', 'healthcare quality', 'quality healthcare']",
healthcare-associated infections,"['healthcare-associated infection', 'healthcare-associated infections', 'hospital-acquired infections']",
healthy food access,"['food access', 'healthy food access']",
heat pumps,"['electric heat pumps', 'heat pump', 'heat pump systems', 'heat pumps', 'heating', 'heating systems']",
heat stress,"['heat stress', 'heat stress mitigation', 'heat stress prevention']",
heat-related illness,"['heat-related illness', 'heat-related injuries']",
hemorrhage control,"['acute hemorrhage', 'bleeding control', 'hemorrhage control', 'hemostatic clotting fibers', 'hemostatic treatment', 'severe hemorrhage', 'spill control']",
homelessness health,"['homelessness', 'homelessness health']",
housing affordability,"['affordable housing', 'housing access', 'housing affordability']",
housing equity,"['housing equity', 'water equity']",
housing insecurity,"['housing crisis', 'housing insecurity', 'housing stability']",
housing solutions,"['housing innovation', 'housing modifications', 'housing solutions']",
human health,"['human health', 'one health']",
humidity control,"['humidity', 'humidity control', 'indoor humidity control']",
hunger-relief,"['hunger', 'hunger relief', 'hunger-relief']",
hydrating sunscreen,"['hydrating', 'hydrating sunscreen', 'hydration', 'tinted sunscreen']",
hydraulic ventilation,"['hydraulic ventilation', 'ventilation']",
ige antibodies,"['antibody therapies', 'ige antibodies']",
immune globulin,"['immune globulin', 'immune globulin products']",
immune system,"['immune function', 'immune system']",
immune system support,"['immune support', 'immune system support']",
immunizations,"['immunization efforts', 'immunizations', 'vaccination', 'vaccines']",
immunotherapy,"['immunomodulatory therapies', 'immunotherapeutics', 'immunotherapies', 'immunotherapy', 'immunotherapy drops', 'immunotherapy services']",
impact investing,"['impact investing', 'sustainable investing']",
indoor air quality solutions,"['air quality solutions', 'clean indoor air', 'indoor air monitoring', 'indoor air pollution', 'indoor air purification', 'indoor air quality', 'indoor air quality monitoring', 'indoor air quality solutions', 'indoor air safety']",
infection control,"['infection control', 'infection management', 'infection prevention']",
infection trends,"['covid-19 infection trends', 'infection trends']",
infectious disease control,"['communicable disease control', 'disease prevention', 'infectious disease control', 'infectious disease management', 'infectious disease prevention', 'infectious disease treatment', 'infectious disease treatments', 'infectious diseases prevention']",
infectious disease diagnostics,"['disease diagnostics', 'immunodiagnostics', 'infection diagnostics', 'infectious disease diagnostics']",
infectious disease preparedness,"['infectious disease preparedness', 'pandemic preparedness']",
infectious diseases,"['infectious disease', 'infectious diseases']",
irrigation systems,"['automated sprinkler systems', 'irrigation management', 'irrigation optimization', 'irrigation systems', 'irrigation technology']",
ketamine infusion therapy,"['intravenous therapy', 'ketamine infusion therapy']",
laboratory environmental monitoring,"['environment monitoring technology', 'environmental health monitoring', 'environmental monitoring', 'environmental monitoring systems', 'laboratory environmental monitoring']",
lead exposure,"['lead exposure', 'lead testing']",
lead service lines,"['lead service line', 'lead service lines']",
lung diseases,"['lung disease treatment', 'lung diseases']",
machine learning,"['artificial intelligence', 'machine learning']",
magnesium salts,"['magnesium', 'magnesium salts']",
maternal and child health,"['maternal and child health', 'maternal health', 'maternal-child health']",
medical devices,"['biomedical devices', 'medical device', 'medical device infections', 'medical devices']",
medical supply delivery,"['home delivery', 'medical supplies distribution', 'medical supply delivery']",
mental health,"['ai mental health support', 'emotional health', 'emotional regulation', 'emotional wellness', 'mental health', 'mental health apps', 'mental health care', 'mental health clinic', 'mental health coaching', 'mental health conditions', 'mental health counseling', 'mental health prevention', 'mental health services', 'mental health support', 'mental wellness']",
microbial testing,"['microbial diversity', 'microbial genomics', 'microbial testing', 'microbiology testing']",
microbiome,"['human microbiome', 'microbiome', 'microbiome analysis', 'microbiome research', 'microbiome therapeutics', 'skin microbiome']",
microgrid solutions,"['microgrid solutions', 'microgrids']",
microplastic filters,"['microplastic filters', 'microplastic pollution', 'nanotechnology filtration']",
mold assessments,"['mold assessment', 'mold assessments', 'mold evaluations']",
mold prevention,"['mold prevention', 'mold remediation']",
molecular diagnostic test,"['mobile molecular diagnostic', 'molecular diagnostic assays', 'molecular diagnostic test', 'molecular diagnostics', 'molecular diagnostics platform', 'rapid diagnostic testing']",
mucosal barriers,"['mucosal barriers', 'mucosal immunity', 'mucosal immunology', 'mucosal membranes', 'mucosal vaccines']",
nasal congestion,"['nasal congestion', 'nasal health']",
nasal sprays,"['nasal spray vaccines', 'nasal sprays', 'personalized nasal spray']",
natural pest control,"['automated pest management', 'biopesticides', 'natural pest control', 'pest control', 'plant pests', 'precision weed control', 'sustainable crop protection', 'sustainable pest control', 'sustainable pest management']",
natural resources management,"['natural resource management', 'natural resources', 'natural resources management']",
natural supplements,"['cbd supplements', 'dietary supplements', 'natural supplements', 'nutrition supplements', 'nutritional supplements']",
nitrogen oxide reduction,"['nitrogen generation', 'nitrogen oxide reduction']",
noise barriers,"['noise barriers', 'noise control', 'noise reduction']",
non-invasive neuromodulation,"['non-invasive neuromodulation', 'transcranial magnetic stimulation']",
non-toxic flame retardants,"['flame retardant', 'non-halogenated flame retardants', 'non-toxic flame retardants']",
nutrient recovery,"['nutrient extraction', 'nutrient recovery']",
nutrition incentive,"['nutrition', 'nutrition incentive', 'nutritional support']",
occupational safety,"['occupational health', 'occupational safety']",
odor elimination,"['odor control', 'odor elimination']",
opioid withdrawal,"['opioid use', 'opioid withdrawal']",
oral medications,"['compounded medications', 'oral medications', 'oral treatment']",
osha guidelines,"['osha compliance', 'osha guidelines']",
outdoor allergies,"['indoor allergies', 'outdoor allergies']",
oxygen therapy,"['dissolved oxygen', 'ocean therapy', 'oxygen therapeutics', 'oxygen therapy', 'oxygenation']",
particulate matter monitoring,"['particulate matter', 'particulate matter management', 'particulate matter monitoring']",
passive cooling,"['evaporative cooling', 'passive cooling']",
pathogen control,"['pathogen control', 'pathogen mitigation', 'pathogen suppression']",
performance audits,"['energy audits', 'performance audits']",
pfas contamination,"['pfas contamination', 'pfas destruction', 'pfas removal', 'pfas treatment']",
phage therapies,"['bacteriophage therapies', 'phage therapies']",
pharmaceuticals,"['biopharmaceuticals', 'health products', 'pharmaceuticals']",
physical performance,"['athletic performance', 'physical health', 'physical performance']",
plastic waste,"['plastic recycling', 'plastic waste', 'plastic waste reduction']",
plumbing services,"['plumbing', 'plumbing services', 'plumbing solutions']",
potassium,"['potassium', 'sodium']",
preventive maintenance,"['maintenance products', 'predictive maintenance', 'preventive care', 'preventive maintenance', 'proactive maintenance']",
primary care,"['primary care', 'primary healthcare']",
probiotics,"['beneficial microorganisms', 'prebiotics', 'probiotics']",
ptsd,"['ptsd', 'ptsd support', 'secondary traumatic stress']",
public health,"['population health', 'public health', 'public health protection', 'public health safety']",
pulmonary fibrosis,"['pulmonary arterial hypertension', 'pulmonary fibrosis', 'pulmonary hypertension']",
radioactive heavy metals,"['heavy metals', 'heavy metals removal', 'radioactive heavy metals']",
rapid rehydration,"['oral rehydration', 'rapid rehydration']",
rebates,"['grass rebates', 'rebates', 'snap benefits']",
recovery,"['recovery', 'rehabilitation']",
recycling,"['recyclable', 'recyclable packaging', 'recycling', 'recycling services', 'sustainable packaging']",
regenerative practices,"['regenerative agriculture', 'regenerative practices']",
regulatory compliance,"['environmental compliance', 'environmental health compliance', 'epa regulatory compliance', 'regulatory compliance']",
remote monitoring,"['real-time health monitoring', 'real-time monitoring', 'remote monitoring', 'remote patient care', 'remote patient management', 'remote patient monitoring']",
renewable fuels,"['bio-based fuels', 'biofuels', 'renewable', 'renewable energy', 'renewable energy systems', 'renewable energy use', 'renewable fuels']",
resilience building,"['building resiliency', 'climate resilience planning', 'resilience building', 'resilience planning', 'resilience-building']",
resilient communities,"['climate-resilient communities', 'resilient communities', 'resilient community']",
respiratory health,"['respiratory function', 'respiratory health']",
respiratory viral infections,"['respiratory diseases', 'respiratory infection testing', 'respiratory infections', 'respiratory vaccines', 'respiratory viral infections', 'viral infections', 'viral pathogens', 'viral respiratory infections']",
risk reduction,"['community risk reduction', 'multi-risk prevention', 'risk reduction']",
safe housing,"['emergency housing', 'emergency shelters', 'healthy homes', 'healthy housing', 'healthy indoor environments', 'safe affordable shelter', 'safe and healthy homes', 'safe housing']",
safety checks,"['safety assessments', 'safety checks']",
seismic control,"['erosion control', 'seismic control']",
sensors,"['biosensor platforms', 'biosensors', 'medical biosensors', 'sensor performance', 'sensor technology', 'sensors']",
sepsis diagnostic,"['neonatal sepsis', 'sepsis', 'sepsis diagnostic']",
severe weather events,"['extreme weather', 'extreme weather events', 'severe weather events']",
skin damage,"['skin cancer', 'skin damage', 'skin diseases', 'skin health']",
sleep quality,"['sleep improvement', 'sleep quality', 'sleep support']",
smart building technology,"['building automation', 'smart building', 'smart building technology']",
smoke alarms,"['fire alarm', 'smoke alarms']",
smoke-rated systems,"['fire-rated systems', 'smoke-rated systems']",
social determinants,"['social determinants', 'social determinants of health', 'socioeconomic factors']",
soil cleanup,"['soil cleanup', 'soil remediation']",
soil health,"['soil health', 'soil quality', 'soil quality data']",
solar energy system,"['solar energy', 'solar energy system', 'solar home systems', 'solar power', 'solar systems']",
solar services,"['solar services', 'solar solutions']",
solid waste,"['food waste', 'solid waste', 'water waste', 'water waste prevention']",
sound absorption,"['acoustic absorbers', 'sound absorption', 'soundproofing']",
spray foam insulation,"['spray applied fireproofing', 'spray foam insulation']",
stormwater,"['stormwater', 'stormwater authority', 'stormwater management', 'stormwater systems']",
stress management,"['stress', 'stress management', 'stress relief', 'stress response']",
sun protection,"['sun care routines', 'sun protection', 'sun safety', 'sunburn prevention']",
sustainable agriculture,"['sustainable agriculture', 'sustainable farming']",
sustainable drinking water,"['drinking water', 'safe drinking water', 'sustainable clean water', 'sustainable drinking water', 'sustainable water management', 'sustainable water use']",
sustainable forest health,"['forest health', 'forest management', 'sustainable forest health', 'sustainably managed forests']",
sustainable growth,"['sustainable business', 'sustainable economy', 'sustainable growth']",
sustainable housing,"['sustainable housing', 'sustainable housing policies', 'sustainable living']",
telehealth,"['remote health programs', 'remote healthcare', 'telehealth', 'telehealth services', 'telemedicine']",
thermal and acoustic performance,"['acoustic performance', 'thermal and acoustic performance']",
thermal energy storage,"['energy storage', 'heat storage', 'thermal energy storage', 'thermal storage']",
thermal insulation,"['thermal insulation', 'thermal insulation coatings', 'thermal insulation materials', 'thermal resistance']",
thermal management,"['temperature control', 'temperature management', 'temperature regulation', 'temperature scheduling', 'thermal comfort', 'thermal comfort testing', 'thermal discomfort', 'thermal management', 'thermal management systems', 'thermal performance', 'thermal regulation', 'thermal regulation technology']",
thermal shock,"['thermal defects', 'thermal shock']",
thermal transfer,"['heat transfer', 'thermal diffusion', 'thermal transfer']",
trauma management,"['trauma', 'trauma care', 'trauma kits', 'trauma management']",
trauma-informed therapy,"['trauma-informed care', 'trauma-informed therapy']",
underserved populations,"['underserved populations', 'vulnerable populations']",
universal vaccines,"['dna vaccines', 'rna vaccines', 'universal vaccines']",
urban agriculture,"['urban agriculture', 'urban farming', 'urban forestry', 'urban forestry programs', 'vertical farming']",
uv exposure,"['antioxidants', 'exposure records', 'uv exposure', 'uv index', 'uv protection', 'uv-protective antioxidants']",
uv-c light purification,"['ultraviolet light', 'uv germicidal lights', 'uv-c led', 'uv-c light purification', 'uv-c technology']",
vaccine development,"['rna vaccine platforms', 'vaccination delivery', 'vaccine access', 'vaccine accessibility', 'vaccine delivery', 'vaccine design', 'vaccine development', 'vaccine distribution', 'vaccine formulation', 'vaccine manufacturing', 'vaccine platforms', 'vaccine production', 'vaccine research']",
vibration damping,"['vibration damping', 'vibration isolation']",
vitamin c,"['vitamin c', 'vitamin d', 'vitamin therapy', 'vitamins c']",
wash,"['wash', 'wash solutions']",
waste reduction,"['toxic waste reduction', 'waste reduction']",
wastewater treatment,"['wastewater management', 'wastewater services', 'wastewater solutions', 'wastewater treatment']",
water conservation,"['community-wide water conservation', 'water conservation', 'water conservation technology', 'water efficiency']",
water damage restoration,"['water damage mitigation', 'water damage restoration']",
water data analytics,"['water analytics', 'water data analytics', 'water data management', 'water level data']",
water infrastructure resilience,"['water infrastructure', 'water infrastructure durability', 'water infrastructure resilience']",
water leak detection,"['plumbing leaks', 'water leak analytics', 'water leak detection', 'water leak detection ai', 'water leak prevention']",
water management,"['ai water management', 'groundwater management', 'water management', 'water resource efficiency', 'water resource management']",
water programs,"['water programs', 'water projects']",
water purification,"['water filters', 'water filtration', 'water purification', 'water purification materials', 'water purification systems']",
water quality monitoring,"['iot water monitoring', 'wastewater monitoring', 'water chemistry', 'water contamination', 'water contamination monitoring', 'water contamination removal', 'water monitoring', 'water quality', 'water quality improvement', 'water quality management', 'water quality monitoring', 'water standards']",
water reclamation,"['rainwater reuse', 'wastewater reclamation', 'water reclamation', 'water reuse', 'water reuse technologies']",
water risk management,"['water risk', 'water risk assessment', 'water risk management']",
water sanitation,"['water and sanitation', 'water sanitation', 'water sanitation hygiene']",
water scarcity,"['global water scarcity', 'water crisis', 'water scarcity', 'water scarcity solutions']",
water service,"['water service', 'water supply', 'water utilities']",
water system optimization,"['water system management', 'water system optimization']",
water treatment,"['water treatment', 'water treatment plant', 'water treatment technologies']",
waterborne pathogens,"['waterborne diseases', 'waterborne pathogens']",
waterproof capabilities,"['water-resistant', 'waterproof capabilities']",
wearable technology,"['biowearable technology', 'ear-wearable devices', 'wearable devices', 'wearable health devices', 'wearable health technology', 'wearable personal monitor', 'wearable technology', 'wearable uv sensors']",
weather data,"['climate data', 'climate data analytics', 'climate forecasting', 'weather data', 'weather forecasting', 'weather forecasts']",
wildfire alerts,"['wildfire alerts', 'wildfire detection', 'wildfire prediction']",
wildfire prevention,"['community wildfire prevention', 'wildfire ignition', 'wildfire management', 'wildfire mitigation', 'wildfire preparedness', 'wildfire prevention', 'wildfire protection', 'wildfire protection planning', 'wildfire resilience', 'wildfire risk management', 'wildfire risk mitigation', 'wildfire risks', 'wildfire safety', 'wildfire suppression']",
wood fiber insulation,"['fiberglass insulation', 'wood fiber insulation']",
worker health,"['employee health', 'worker health', 'worker safety', 'workplace health and safety', 'workplace safety']",
workforce development,"['health workforce', 'health workforce development', 'health workforce training', 'workforce development', 'workforce training', 'workforce well-being']",
wound care,"['advanced wound care', 'surgical wound care', 'wound care', 'wound dressings', 'wound management']",
zinc oxide,"['titanium dioxide', 'zinc', 'zinc oxide']",
acute respiratory depression,['acute respiratory depression'],closest match: respiratory infections (score: 0.5300)
adjuvant formulations,['adjuvant formulations'],closest match: vaccine formulation (score: 0.5539)
advanced membranes,['advanced membranes'],closest match: mucosal membranes (score: 0.5663)
advanced oxidation processes,['advanced oxidation processes'],closest match: antioxidants (score: 0.4885)
advanced power sources,['advanced power sources'],closest match: distributed energy resources (score: 0.5320)
advanced sensing,['advanced sensing'],closest match: sensors (score: 0.5664)
aflatoxin detection,['aflatoxin detection'],closest match: allergy testing (score: 0.4965)
agricultural forecasting,['agricultural forecasting'],closest match: weather forecasting (score: 0.6151)
agricultural productivity,['agricultural productivity'],closest match: agricultural forecasting (score: 0.5568)
agricultural robotics,['agricultural robotics'],closest match: agricultural forecasting (score: 0.6129)
agricultural technology,['agricultural technology'],closest match: agricultural robotics (score: 0.7493)
agriculture,['agriculture'],closest match: agricultural technology (score: 0.6278)
agritech,['agritech'],closest match: agricultural technology (score: 0.6376)
agro-input efficiency,['agro-input efficiency'],closest match: agricultural productivity (score: 0.6606)
agroecology,['agroecology'],closest match: sustainable agriculture (score: 0.6625)
agroforestry,['agroforestry'],closest match: agroecology (score: 0.7509)
agronomy services,['agronomy services'],closest match: agricultural forecasting (score: 0.5994)
ai applications in health,['ai applications in health'],closest match: health technology (score: 0.5668)
ai diagnostics,['ai diagnostics'],closest match: rapid diagnostic testing (score: 0.6379)
ai health analytics,['ai health analytics'],closest match: ai applications in health (score: 0.6528)
ai health screening,"['ai health screening', 'health screening']",closest match: ai health analytics (score: 0.7342)
ai in agriculture,['ai in agriculture'],closest match: agriculture (score: 0.6540)
ai in health,['ai in health'],closest match: ai health screening (score: 0.6451)
ai in health emergencies,['ai in health emergencies'],closest match: ai in health (score: 0.7041)
ai-powered health tools,['ai-powered health tools'],closest match: ai health analytics (score: 0.6245)
ai-powered solutions,['ai-powered solutions'],closest match: ai-powered health tools (score: 0.7085)
air and water quality,['air and water quality'],closest match: water quality (score: 0.7510)
air quality improvement,['air quality improvement'],closest match: air quality solutions (score: 0.7828)
air quality regulation,['air quality regulation'],closest match: air pollution control (score: 0.7466)
air temperature regulation,['air temperature regulation'],closest match: temperature regulation (score: 0.7734)
air-to-water dispenser,['air-to-water dispenser'],closest match: water supply (score: 0.5974)
airborne bacteria removal,['airborne bacteria removal'],closest match: airborne pathogens (score: 0.7465)
airborne contaminant control,"['airborne contaminant control', 'airborne pathogen control']",closest match: airborne bacteria removal (score: 0.7620)
airborne disease monitoring,['airborne disease monitoring'],closest match: airborne infectious diseases (score: 0.7325)
airborne virus control,"['airborne virus control', 'airborne virus inactivation', 'airborne virus mitigation']",closest match: airborne contaminant control (score: 0.7829)
airborne vocs,['airborne vocs'],closest match: airborne pathogens (score: 0.6682)
airway diseases,"['airway diseases', 'airway inflammatory disorders']",closest match: respiratory diseases (score: 0.6938)
allergen detection,['allergen detection'],closest match: allergy diagnosis (score: 0.7466)
altitude sickness,['altitude sickness'],closest match: heat-related illness (score: 0.4066)
anaphylaxis,['anaphylaxis'],closest match: food allergies (score: 0.5720)
animal disease,['animal disease'],closest match: infectious disease (score: 0.5852)
animal health,['animal health'],closest match: animal disease (score: 0.7770)
animal studies,['animal studies'],closest match: clinical studies (score: 0.6572)
animal welfare,['animal welfare'],closest match: animal health (score: 0.7171)
antibacterial activity,['antibacterial activity'],closest match: antibiotic resistance (score: 0.6292)
antibiotics,['antibiotics'],closest match: antibiotic resistance (score: 0.6792)
antibody-drug conjugates,['antibody-drug conjugates'],closest match: antibody therapies (score: 0.6522)
antimicrobial coatings,['antimicrobial coatings'],closest match: antimicrobial materials (score: 0.7726)
antimicrobial stewardship,['antimicrobial stewardship'],closest match: antimicrobial resistance (score: 0.6349)
antimicrobial susceptibility testing,['antimicrobial susceptibility testing'],closest match: antimicrobial resistance (score: 0.6930)
antimicrobial therapies,['antimicrobial therapies'],closest match: antimicrobial solutions (score: 0.7556)
antiviral face masks,['antiviral face masks'],closest match: antiviral therapeutics (score: 0.6517)
anxiety relief,['anxiety relief'],closest match: stress relief (score: 0.6921)
aromatherapy,['aromatherapy'],closest match: ocean therapy (score: 0.4835)
aseptic cell culture,['aseptic cell culture'],closest match: sepsis diagnostic (score: 0.5630)
asset tracking,['asset tracking'],closest match: air quality tracking (score: 0.4718)
atmospheric data,['atmospheric data'],closest match: weather data (score: 0.6771)
automated immunodiagnostics,['automated immunodiagnostics'],closest match: immunodiagnostics (score: 0.7732)
automated testing,['automated testing'],closest match: automated pest management (score: 0.5963)
bacterial infections,['bacterial infections'],closest match: viral infections (score: 0.6655)
ballast water management,['ballast water management'],closest match: water system management (score: 0.6378)
battery safety,['battery safety'],closest match: battery materials (score: 0.7188)
behavioral health,['behavioral health'],closest match: mental health (score: 0.6447)
behavioral health technology,['behavioral health technology'],closest match: behavioral health (score: 0.7808)
biocide,['biocide'],closest match: biopesticides (score: 0.5315)
biodiversity credits,['biodiversity credits'],closest match: biodiversity conservation (score: 0.6841)
bioenergy,['bioenergy'],closest match: bio-based fuels (score: 0.7182)
biofilm inhibition,['biofilm inhibition'],closest match: antimicrobial coatings (score: 0.5413)
biofungicides,['biofungicides'],closest match: biopesticides (score: 0.7859)
biological capital,['biological capital'],closest match: biodiversity credits (score: 0.4989)
biological computer,['biological computer'],closest match: biological capital (score: 0.5406)
biological data analysis,"['biological data analysis', 'biological sample analysis']",closest match: biological computer (score: 0.6067)
biological monitoring,['biological monitoring'],closest match: biometric monitoring (score: 0.7153)
biological risks,"['biological risks', 'biological threats']",closest match: health risks (score: 0.6888)
biological threat detection,"['biological threat detection', 'biological threats detection', 'biothreat detection']",closest match: biodefense threats (score: 0.7034)
biological treatment,['biological treatment'],closest match: biological monitoring (score: 0.6548)
biomarker analysis,"['biomarker analysis', 'biomarker detection', 'biomarker discovery', 'biomarker quantification']",closest match: biological data analysis (score: 0.7158)
biomarkers,['biomarkers'],closest match: biomarker analysis (score: 0.7973)
biomedical innovation,['biomedical innovation'],closest match: health innovation (score: 0.7257)
biomedical research,['biomedical research'],closest match: biomedical innovation (score: 0.7586)
biomedical sensing,['biomedical sensing'],closest match: biosensors (score: 0.7246)
biomimetic antivirals,['biomimetic antivirals'],closest match: antiviral therapeutics (score: 0.7060)
bioproducts,['bioproducts'],closest match: health products (score: 0.6119)
biosafety,['biosafety'],closest match: environmental safety (score: 0.6367)
biosecurity,"['biosecurity', 'biosecurity intelligence']",closest match: biosafety (score: 0.7825)
blockchain,['blockchain'],closest match: asset tracking (score: 0.3409)
blood flow monitoring,['blood flow monitoring'],closest match: biological monitoring (score: 0.5640)
blood oxygen monitoring,"['blood oxygen monitoring', 'oxygenation monitoring']",closest match: blood flow monitoring (score: 0.7360)
blood pressure monitoring,['blood pressure monitoring'],closest match: blood flow monitoring (score: 0.7904)
bloodstream infections,['bloodstream infections'],closest match: blood flow monitoring (score: 0.4506)
body temperature,"['body temperature', 'body temperature regulation']",closest match: thermal regulation (score: 0.6608)
botanical extracts,['botanical extracts'],closest match: allergy extracts (score: 0.6262)
brain function monitoring,['brain function monitoring'],closest match: real-time monitoring (score: 0.5911)
brain injury,['brain injury'],closest match: trauma (score: 0.5698)
breath analysis,['breath analysis'],closest match: breathwork (score: 0.7067)
breathing monitoring,"['breathing monitoring', 'respiratory monitoring']",closest match: blood oxygen monitoring (score: 0.7237)
breathing stimulant,['breathing stimulant'],closest match: breathing exercises (score: 0.6137)
broad-spectrum antimicrobials,['broad-spectrum antimicrobials'],closest match: antimicrobial therapies (score: 0.6293)
bronchopulmonary dysplasia,['bronchopulmonary dysplasia'],closest match: pulmonary hypertension (score: 0.5467)
bronchoscopic interventions,['bronchoscopic interventions'],closest match: airway diseases (score: 0.5037)
building electrification,['building electrification'],closest match: energy infrastructure (score: 0.5684)
building energy management,['building energy management'],closest match: energy management (score: 0.7785)
building envelopes,['building envelopes'],closest match: building envelope airtightness (score: 0.7407)
built environments,['built environments'],closest match: building envelopes (score: 0.6508)
cancer immunotherapy,['cancer immunotherapy'],closest match: immunotherapy (score: 0.7861)
cancer treatment,['cancer treatment'],closest match: cancer immunotherapy (score: 0.7546)
cancer vaccines,"['cancer vaccines', 'oncology vaccines']",closest match: cancer immunotherapy (score: 0.7677)
cannabinoids,['cannabinoids'],closest match: anti-inflammatory agents (score: 0.4623)
capacity building,['capacity building'],closest match: resilience building (score: 0.5650)
carbohydrate drug design,['carbohydrate drug design'],closest match: antiviral drug discovery (score: 0.5006)
carbon credits,['carbon credits'],closest match: carbon emissions (score: 0.7338)
carbon emissions tracking,['carbon emissions tracking'],closest match: carbon emissions (score: 0.7521)
carbon management,['carbon management'],closest match: carbon reduction (score: 0.7517)
carbon market,['carbon market'],closest match: carbon management (score: 0.6887)
carbon material water treatment,['carbon material water treatment'],closest match: chemical-free water treatment (score: 0.6620)
carbon mitigation,['carbon mitigation'],closest match: carbon management (score: 0.7879)
carbon neutral economy,['carbon neutral economy'],closest match: carbon-negative footprint (score: 0.6922)
carbon offset,['carbon offset'],closest match: carbon mitigation (score: 0.6903)
carbon sequestration,"['carbon sequestration', 'carbon sequestration materials']",closest match: carbon dioxide capture (score: 0.7152)
carbon stock,['carbon stock'],closest match: carbon credits (score: 0.7597)
carbon trading,['carbon trading'],closest match: carbon management (score: 0.7890)
cardiac disease,['cardiac disease'],closest match: chronic disease (score: 0.5349)
cardiopulmonary care,['cardiopulmonary care'],closest match: primary care (score: 0.5445)
cardiopulmonary monitoring,['cardiopulmonary monitoring'],closest match: cardiopulmonary care (score: 0.7256)
cardiorespiratory assessment,['cardiorespiratory assessment'],closest match: cardiopulmonary care (score: 0.6069)
care coordination,['care coordination'],closest match: culturally sensitive care (score: 0.5617)
case management,['case management'],closest match: care coordination (score: 0.5030)
catastrophe insurance,['catastrophe insurance'],closest match: catastrophe response (score: 0.7178)
cell therapeutics,['cell therapeutics'],closest match: immunotherapies (score: 0.6235)
cell therapy manufacturing,['cell therapy manufacturing'],closest match: cell therapeutics (score: 0.6942)
chemical exposure monitoring,['chemical exposure monitoring'],closest match: laboratory environmental monitoring (score: 0.6686)
chemical herbicides,['chemical herbicides'],closest match: biopesticides (score: 0.5821)
chemical pesticides,['chemical pesticides'],closest match: chemical herbicides (score: 0.7675)
chemical reduction,['chemical reduction'],closest match: carbon reduction (score: 0.6641)
chemical regulation compliance,['chemical regulation compliance'],closest match: regulatory compliance (score: 0.7051)
chemical sensing,['chemical sensing'],closest match: biomedical sensing (score: 0.6439)
chemical warfare countermeasures,['chemical warfare countermeasures'],closest match: chemical herbicides (score: 0.5882)
chemical-free algal bloom mitigation,['chemical-free algal bloom mitigation'],closest match: chemical-free water treatment (score: 0.6204)
child growth,['child growth'],closest match: child development (score: 0.6853)
child nutrition programs,['child nutrition programs'],closest match: meal programs (score: 0.6674)
chlorine dioxide,['chlorine dioxide'],closest match: disinfectants (score: 0.4815)
chromatography,['chromatography'],closest match: water chemistry (score: 0.3659)
chronic disease support,['chronic disease support'],closest match: chronic disease (score: 0.7886)
chronic inflammation,"['chronic inflammation', 'chronic inflammation disorders']",closest match: chronic disease (score: 0.7525)
chronic pulmonary diseases,['chronic pulmonary diseases'],closest match: chronic disease (score: 0.7371)
chronic respiratory care,['chronic respiratory care'],closest match: chronic disease management (score: 0.6502)
chronic sinusitis,['chronic sinusitis'],closest match: chronic disease (score: 0.6720)
chronic urticaria,['chronic urticaria'],closest match: chronic disease (score: 0.5430)
chronic wounds,['chronic wounds'],closest match: chronic disease (score: 0.6538)
clean air,['clean air'],closest match: natural air purification (score: 0.7284)
clean energy,"['clean energy', 'clean energy solutions']",closest match: sustainable energy (score: 0.6872)
clean energy access,['clean energy access'],closest match: clean energy (score: 0.7969)
clean heating,['clean heating'],closest match: clean cooking (score: 0.6894)
clean nuclear power,['clean nuclear power'],closest match: clean energy (score: 0.5234)
clean power generation,['clean power generation'],closest match: clean energy (score: 0.7296)
cleaning and hygiene,['cleaning and hygiene'],closest match: water sanitation hygiene (score: 0.6327)
climate adaptive health systems,['climate adaptive health systems'],closest match: climate adaptation (score: 0.6566)
climate change mitigation,"['climate change mitigation', 'climate impact mitigation', 'climate mitigation', 'climate mitigation strategies']",closest match: carbon mitigation (score: 0.7700)
climate commitments,['climate commitments'],closest match: climate action (score: 0.7105)
climate disaster recovery,"['climate disaster recovery', 'climate-related disaster recovery']",closest match: climate resilience (score: 0.6590)
climate emergency response,"['climate emergency response', 'climate emergency technology']",closest match: climate crisis (score: 0.7300)
climate finance,"['climate finance', 'climate financing']",closest match: climate technology (score: 0.7136)
climate governance,['climate governance'],closest match: climate protection (score: 0.7645)
climate hazard analytics,"['climate hazard analytics', 'climate hazard planning', 'climate hazards']",closest match: climate risk (score: 0.7295)
climate health advocacy,"['climate health advocacy', 'climate health initiatives', 'climate health policies']",closest match: climate action (score: 0.7188)
climate health equity,['climate health equity'],closest match: climate health advocacy (score: 0.7711)
climate health monitoring,"['climate health monitoring', 'climate health research', 'climate monitoring']",closest match: climate health advocacy (score: 0.7301)
climate health programs,"['climate health programs', 'climate health solutions']",closest match: climate health advocacy (score: 0.7996)
climate justice,"['climate justice', 'climate justice policy']",closest match: climate health equity (score: 0.7465)
climate modeling,"['climate modeling', 'climate modeling tools']",closest match: climate technology (score: 0.7320)
climate predictions,['climate predictions'],closest match: climate data (score: 0.7481)
climate risk funding,['climate risk funding'],closest match: climate risk (score: 0.7815)
climate sensors,['climate sensors'],closest match: climate health monitoring (score: 0.7222)
climate vulnerability assessment,['climate vulnerability assessment'],closest match: climate risk (score: 0.6937)
climate-friendly living,['climate-friendly living'],closest match: sustainable living (score: 0.6903)
climate-health nexus,['climate-health nexus'],closest match: climate health advocacy (score: 0.7382)
climate-induced health issues,"['climate-induced health issues', 'climate-induced health risks', 'climate-related health risks']",closest match: climate change and health (score: 0.7803)
climate-related,['climate-related'],closest match: climate-related risks (score: 0.8000)
climate-related diseases,['climate-related diseases'],closest match: climate-related disasters (score: 0.7966)
climate-related mortality,['climate-related mortality'],closest match: climate-related (score: 0.7302)
climate-related revenue,['climate-related revenue'],closest match: climate-related (score: 0.7119)
climate-resilient economic systems,['climate-resilient economic systems'],closest match: climate-resilient communities (score: 0.7512)
climate-smart agriculture,"['climate-smart agriculture', 'climate-smart agronomy']",closest match: climate action (score: 0.6649)
climate-smart health solutions,"['climate-smart health solutions', 'climate-smart solutions']",closest match: climate-smart agriculture (score: 0.7353)
climate-smart infrastructure,['climate-smart infrastructure'],closest match: climate-smart agriculture (score: 0.7731)
climate-smart investments,['climate-smart investments'],closest match: climate-smart infrastructure (score: 0.7935)
climate-smart livestock,['climate-smart livestock'],closest match: climate-smart agriculture (score: 0.7901)
climate-smart policies,['climate-smart policies'],closest match: climate-smart investments (score: 0.7763)
clinical decision making,['clinical decision making'],closest match: data-driven decision-making (score: 0.6811)
clinical decision support,['clinical decision support'],closest match: clinical decision making (score: 0.7635)
clinical diagnostics,"['clinical diagnostics', 'clinical disease diagnostics', 'health diagnostics', 'medical diagnostics']",closest match: ai diagnostics (score: 0.7430)
clinical laboratory solutions,['clinical laboratory solutions'],closest match: clinical services (score: 0.5415)
clinical laboratory testing,['clinical laboratory testing'],closest match: clinical laboratory solutions (score: 0.7172)
clinical monitoring,"['clinical monitoring', 'patient monitoring']",closest match: health monitoring (score: 0.7922)
clinical outcomes,"['clinical outcomes', 'patient outcomes']",closest match: clinical studies (score: 0.5754)
clinical safety,['clinical safety'],closest match: safety compliance (score: 0.6576)
clinical sample analysis,['clinical sample analysis'],closest match: clinical research (score: 0.5224)
clinical simulations,['clinical simulations'],closest match: clinical trials (score: 0.5576)
clinical test automation,['clinical test automation'],closest match: automated testing (score: 0.7951)
clinical test kits,['clinical test kits'],closest match: clinical laboratory testing (score: 0.6782)
clinical therapies,['clinical therapies'],closest match: clinical services (score: 0.6094)
clinical workflow optimization,['clinical workflow optimization'],closest match: water system optimization (score: 0.5159)
clinical workload reduction,['clinical workload reduction'],closest match: clinical workflow optimization (score: 0.6826)
clinical-stage biopharmaceuticals,['clinical-stage biopharmaceuticals'],closest match: pharmaceuticals (score: 0.6071)
cognitive behavioral therapy,['cognitive behavioral therapy'],closest match: cognitive training (score: 0.6734)
cognitive support,['cognitive support'],closest match: cognitive training (score: 0.6725)
collagen support,['collagen support'],closest match: nutritional support (score: 0.5454)
colostrum,['colostrum'],closest match: probiotics (score: 0.4409)
community capacity building,['community capacity building'],closest match: capacity building (score: 0.7508)
community care,['community care'],closest match: community health (score: 0.7088)
community disaster planning,['community disaster planning'],closest match: disaster preparedness (score: 0.7767)
community health planning,['community health planning'],closest match: community health (score: 0.7852)
community-based training,['community-based training'],closest match: community-based initiatives (score: 0.6504)
community-led solutions,['community-led solutions'],closest match: community-based initiatives (score: 0.7454)
community-level research,['community-level research'],closest match: community-based participatory research (score: 0.7070)
compound management,['compound management'],closest match: compounded medications (score: 0.5782)
contaminants,['contaminants'],closest match: water contamination (score: 0.5787)
copd,['copd'],closest match: chronic pulmonary diseases (score: 0.6733)
copd monitoring,['copd monitoring'],closest match: copd (score: 0.7575)
covid-19 detection,"['covid-19 detection', 'covid-19 diagnostics']",closest match: infectious disease diagnostics (score: 0.5935)
crop forecasting,['crop forecasting'],closest match: agricultural forecasting (score: 0.7456)
crop health,['crop health'],closest match: crop protection (score: 0.6314)
crop insurance,['crop insurance'],closest match: crop protection (score: 0.6883)
crop intelligence,['crop intelligence'],closest match: crop health (score: 0.7217)
crop management,['crop management'],closest match: crop health (score: 0.7610)
crop scouting,['crop scouting'],closest match: crop intelligence (score: 0.5952)
crop yields,['crop yields'],closest match: crop health (score: 0.6275)
cystic fibrosis,['cystic fibrosis'],closest match: pulmonary fibrosis (score: 0.5101)
data analytics,['data analytics'],closest match: water data analytics (score: 0.6844)
decarbonization,['decarbonization'],closest match: carbon reduction (score: 0.6705)
demand management,['demand management'],closest match: groundwater management (score: 0.5912)
desalination,['desalination'],closest match: water purification (score: 0.6160)
detoxification,['detoxification'],closest match: disinfection (score: 0.5221)
diagnostic accuracy,"['diagnostic accuracy', 'diagnostic sensitivity']",closest match: clinical diagnostics (score: 0.6235)
diagnostic assays,['diagnostic assays'],closest match: clinical diagnostics (score: 0.7156)
diagnostic automation,['diagnostic automation'],closest match: diagnostic assays (score: 0.6789)
diagnostic innovation,['diagnostic innovation'],closest match: diagnostic automation (score: 0.6596)
diagnostic platform,['diagnostic platform'],closest match: diagnostic automation (score: 0.6995)
diagnostic tools,['diagnostic tools'],closest match: diagnostic assays (score: 0.7785)
diagnostic workflows,['diagnostic workflows'],closest match: diagnostic automation (score: 0.6710)
diesel particulate matter,['diesel particulate matter'],closest match: particulate matter (score: 0.7128)
digital agriculture,"['digital agriculture', 'digital farming']",closest match: digital health (score: 0.6541)
digital diagnostics,['digital diagnostics'],closest match: ai diagnostics (score: 0.7693)
digital health ecosystems,['digital health ecosystems'],closest match: digital health (score: 0.7953)
digital phenotyping,['digital phenotyping'],closest match: digital health (score: 0.5326)
digital respiratory health,['digital respiratory health'],closest match: digital health (score: 0.7159)
digital therapeutics,['digital therapeutics'],closest match: digital health (score: 0.7118)
digital transformation,['digital transformation'],closest match: digital agriculture (score: 0.6818)
disaster communication systems,"['disaster communication systems', 'disaster communications']",closest match: disaster response (score: 0.6679)
disaster coordination,['disaster coordination'],closest match: disaster management (score: 0.7901)
disaster drills,['disaster drills'],closest match: disaster preparedness training (score: 0.7510)
disaster impact analysis,['disaster impact analysis'],closest match: disaster risk (score: 0.6878)
disaster lifecycle,['disaster lifecycle'],closest match: disaster risk (score: 0.6861)
disaster mitigation,"['disaster mitigation', 'natural disaster mitigation']",closest match: hazard mitigation (score: 0.7828)
disaster recovery,"['disaster recovery', 'disaster recovery funding', 'disaster recovery operations', 'disaster recovery planning']",closest match: disaster response (score: 0.7086)
disaster response platforms,"['disaster response platforms', 'emergency response platforms']",closest match: disaster response (score: 0.7707)
disaster response technology,['disaster response technology'],closest match: disaster response (score: 0.7833)
disaster simulation tools,"['disaster simulation tools', 'disaster simulations']",closest match: disaster drills (score: 0.6586)
disaster supplies,['disaster supplies'],closest match: disaster relief (score: 0.7235)
disease biomarker,"['disease biomarker', 'disease biomarker detection', 'disease biomarker quantification']",closest match: biomarkers (score: 0.7440)
disease monitoring,['disease monitoring'],closest match: health monitoring (score: 0.7856)
disease outbreak analytics,['disease outbreak analytics'],closest match: disease outbreaks (score: 0.7101)
disease outbreak control,"['disease outbreak control', 'disease outbreak prevention', 'disease outbreak response']",closest match: disease outbreaks (score: 0.7592)
disease risk assessment,['disease risk assessment'],closest match: environmental risk assessments (score: 0.6490)
disease surveillance,['disease surveillance'],closest match: disease monitoring (score: 0.7991)
disinfectant application,['disinfectant application'],closest match: disinfecting (score: 0.7311)
disinfection efficacy,['disinfection efficacy'],closest match: disinfection (score: 0.7442)
dna-based therapeutics,['dna-based therapeutics'],closest match: cell therapeutics (score: 0.6714)
drought,['drought'],closest match: drought management (score: 0.7206)
drought monitoring,['drought monitoring'],closest match: drought management (score: 0.7588)
drought resilience,['drought resilience'],closest match: drought management (score: 0.7492)
drug resistance,['drug resistance'],closest match: drug-resistant bacteria (score: 0.7535)
dry powder nebulizer,['dry powder nebulizer'],closest match: personalized nasal spray (score: 0.4948)
early disease detection,"['early disease detection', 'early disease diagnosis']",closest match: disease monitoring (score: 0.6111)
early infection detection,['early infection detection'],closest match: early disease detection (score: 0.7436)
early warning systems,['early warning systems'],closest match: alarm systems (score: 0.5632)
earthquake early warning,['earthquake early warning'],closest match: early warning systems (score: 0.6365)
earthquakes,['earthquakes'],closest match: earthquake early warning (score: 0.6165)
ecg monitoring,['ecg monitoring'],closest match: cardiopulmonary monitoring (score: 0.6648)
ecological regeneration,"['ecological regeneration', 'ecosystem regeneration']",closest match: ecosystem restoration (score: 0.7408)
economic development,['economic development'],closest match: sustainable economy (score: 0.5649)
ecosystem accounting,['ecosystem accounting'],closest match: ecosystem restoration (score: 0.6531)
ecosystem assessment,['ecosystem assessment'],closest match: ecosystem accounting (score: 0.7765)
ecosystem health,['ecosystem health'],closest match: ecosystem assessment (score: 0.7533)
ecosystem services,['ecosystem services'],closest match: ecosystem health (score: 0.7061)
ecosystem services valuation,['ecosystem services valuation'],closest match: ecosystem services (score: 0.7914)
eczema,['eczema'],closest match: skin diseases (score: 0.5049)
effects of climate change,['effects of climate change'],closest match: climate change impacts (score: 0.7723)
electrification,['electrification'],closest match: building electrification (score: 0.7802)
electrification planning,['electrification planning'],closest match: electrification (score: 0.7844)
electrochemical sensing,['electrochemical sensing'],closest match: chemical sensing (score: 0.7352)
electrochemical systems,['electrochemical systems'],closest match: electrochemical sensing (score: 0.7073)
electrochemical water treatment,['electrochemical water treatment'],closest match: chemical-free water treatment (score: 0.7046)
emergency aid,['emergency aid'],closest match: emergency medical relief (score: 0.6634)
emergency alert systems,['emergency alert systems'],closest match: alarm systems (score: 0.7173)
emergency analytics,['emergency analytics'],closest match: emergency alert systems (score: 0.6331)
emergency communication,"['emergency communication', 'emergency health communication']",closest match: emergency response (score: 0.6836)
emergency crisis management,"['emergency crisis management', 'emergency management', 'health emergency management']",closest match: emergency response (score: 0.7176)
emergency dispatch,"['emergency dispatch', 'emergency medical dispatch', 'health emergency dispatch']",closest match: emergency response (score: 0.7036)
emergency evacuation,"['emergency evacuation', 'emergency evacuation planning']",closest match: emergency operations (score: 0.6482)
emergency first aid,['emergency first aid'],closest match: emergency medical (score: 0.7469)
emergency guides,['emergency guides'],closest match: who guidelines (score: 0.5826)
emergency health kits,"['emergency health kits', 'health emergency kits']",closest match: emergency medical supplies (score: 0.7644)
emergency health solutions,"['emergency health solutions', 'health emergency solutions']",closest match: emergency medical services (score: 0.7788)
emergency logistics,['emergency logistics'],closest match: emergency operations (score: 0.6448)
emergency medical technology,['emergency medical technology'],closest match: emergency medical (score: 0.7737)
emergency medicine,['emergency medicine'],closest match: emergency medical (score: 0.7976)
emergency sanitation,['emergency sanitation'],closest match: water sanitation (score: 0.7132)
emergency supplies planning,['emergency supplies planning'],closest match: emergency medical supplies (score: 0.7577)
emergency supply chain,['emergency supply chain'],closest match: emergency supplies planning (score: 0.7397)
emergency water,['emergency water'],closest match: water supply (score: 0.6544)
emission-certified engines,['emission-certified engines'],closest match: emissions reduction (score: 0.5901)
emissions control,['emissions control'],closest match: emissions reduction (score: 0.7947)
emissions monitoring,['emissions monitoring'],closest match: emissions control (score: 0.7382)
emotional recognition,['emotional recognition'],closest match: emotional regulation (score: 0.6309)
emotional resilience,['emotional resilience'],closest match: emotional wellness (score: 0.7662)
emphysema,['emphysema'],closest match: pulmonary fibrosis (score: 0.5943)
energy access,['energy access'],closest match: clean energy access (score: 0.7534)
energy analytics,['energy analytics'],closest match: energy management (score: 0.7346)
energy conservation,"['energy conservation', 'energy conservation programs']",closest match: energy efficiency (score: 0.7292)
energy demand forecasting,['energy demand forecasting'],closest match: energy consumption (score: 0.6459)
energy demand management,['energy demand management'],closest match: energy demand forecasting (score: 0.7837)
energy grid resilience,['energy grid resilience'],closest match: energy resilience (score: 0.7949)
energy intelligence,['energy intelligence'],closest match: energy management (score: 0.6867)
energy markets,['energy markets'],closest match: energy services (score: 0.7050)
energy monitoring,['energy monitoring'],closest match: energy management (score: 0.7438)
energy optimization,['energy optimization'],closest match: energy savings (score: 0.7678)
energy retrofit,['energy retrofit'],closest match: energy savings (score: 0.7057)
energy risk management,['energy risk management'],closest match: water risk management (score: 0.6741)
energy savings water systems,['energy savings water systems'],closest match: energy savings (score: 0.7831)
energy trading,['energy trading'],closest match: energy markets (score: 0.7582)
energy transition,['energy transition'],closest match: energy access (score: 0.6636)
energy-efficient cooling,['energy-efficient cooling'],closest match: energy-efficient heating (score: 0.7794)
energy-efficient insulation,['energy-efficient insulation'],closest match: energy-efficient housing (score: 0.7722)
energy-efficient upgrades,['energy-efficient upgrades'],closest match: energy-efficient technologies (score: 0.7961)
environmental,['environmental'],closest match: environmental safety (score: 0.7475)
environmental accountability,['environmental accountability'],closest match: environmental stewardship (score: 0.7088)
environmental analytics,['environmental analytics'],closest match: environmental monitoring (score: 0.6807)
environmental assets,['environmental assets'],closest match: environmental (score: 0.6638)
environmental changes,['environmental changes'],closest match: environmental challenges (score: 0.7539)
environmental contaminants,"['environmental contaminants', 'environmental contamination']",closest match: contaminants (score: 0.7437)
environmental credits,['environmental credits'],closest match: biodiversity credits (score: 0.6854)
environmental data,"['environmental data', 'environmental health data', 'environmental risk data']",closest match: environmental (score: 0.7350)
environmental data platforms,['environmental data platforms'],closest match: environmental data (score: 0.7870)
environmental decision-making,['environmental decision-making'],closest match: clinical decision making (score: 0.6955)
environmental diagnostics,"['environmental diagnostics', 'environmental health diagnostics']",closest match: environmental monitoring (score: 0.7270)
environmental economics,['environmental economics'],closest match: environmental sustainability (score: 0.7038)
environmental education,"['environmental education', 'environmental health education', 'environmental sustainability education']",closest match: environmental conservation (score: 0.7114)
environmental exposure,"['environmental exposure', 'environmental exposure assessment', 'environmental exposure effects']",closest match: environmental contaminants (score: 0.7427)
environmental germ monitoring,['environmental germ monitoring'],closest match: environmental monitoring (score: 0.7725)
environmental goals,"['environmental goals', 'environmental sustainability goals']",closest match: environmental sustainability (score: 0.6969)
environmental hazard prediction,['environmental hazard prediction'],closest match: climate hazard analytics (score: 0.6221)
environmental hazards,"['environmental hazards', 'environmental health risks', 'environmental risk', 'environmental risks']",closest match: environmental contaminants (score: 0.7522)
environmental health analysis,"['environmental health analysis', 'environmental health assessment']",closest match: environmental health (score: 0.7966)
environmental health benefits,['environmental health benefits'],closest match: environmental health (score: 0.7780)
environmental health coalition,"['environmental health coalition', 'environmental health collaborations']",closest match: environmental health advocacy (score: 0.7654)
environmental health grants,['environmental health grants'],closest match: environmental health (score: 0.7707)
environmental health impact,"['environmental health impact', 'environmental impact']",closest match: environmental health (score: 0.7892)
environmental health mitigation,['environmental health mitigation'],closest match: environmental health impact (score: 0.7363)
environmental health promotion,"['environmental health promotion', 'environmental health promotion programs']",closest match: environmental health advocacy (score: 0.7994)
environmental health protection strategies,['environmental health protection strategies'],closest match: environmental health programs (score: 0.7463)
environmental health regulations,"['environmental health regulations', 'environmental health resources', 'environmental health standards']",closest match: environmental health programs (score: 0.7493)
environmental health solutions,['environmental health solutions'],closest match: environmental health (score: 0.7802)
environmental health standards development,['environmental health standards development'],closest match: environmental health regulations (score: 0.7582)
environmental health technologies,"['environmental health technologies', 'environmental health technology']",closest match: environmental health solutions (score: 0.7632)
environmental health workforce,"['environmental health workforce', 'environmental health workforce development', 'environmental health workforce training']",closest match: environmental health (score: 0.7753)
environmental impact reduction,['environmental impact reduction'],closest match: emissions reduction (score: 0.6988)
environmental justice bills,['environmental justice bills'],closest match: environmental justice (score: 0.7737)
environmental justice coalitions,['environmental justice coalitions'],closest match: environmental justice (score: 0.7806)
environmental law enforcement,['environmental law enforcement'],closest match: environmental health regulations (score: 0.6971)
environmental leadership,['environmental leadership'],closest match: environmental health and justice leadership (score: 0.7892)
environmental literacy,['environmental literacy'],closest match: environmental education (score: 0.7436)
environmental markets,['environmental markets'],closest match: environmental economics (score: 0.7524)
environmental medicine,['environmental medicine'],closest match: environmental health (score: 0.7349)
environmental mold,['environmental mold'],closest match: mold evaluations (score: 0.6604)
environmental pathogen detection,['environmental pathogen detection'],closest match: environmental germ monitoring (score: 0.7049)
environmental policies,"['environmental policies', 'environmental policy']",closest match: environmental goals (score: 0.6876)
environmental quality,['environmental quality'],closest match: environmental health (score: 0.7075)
environmental regulations,['environmental regulations'],closest match: environmental health regulations (score: 0.7674)
environmental research,['environmental research'],closest match: environmental (score: 0.7168)
environmental sampling,['environmental sampling'],closest match: environmental monitoring (score: 0.7761)
environmental science,['environmental science'],closest match: environmental research (score: 0.7462)
environmental sensors,['environmental sensors'],closest match: sensors (score: 0.7554)
environmental services,['environmental services'],closest match: environmental health solutions (score: 0.7176)
environmentally friendly cleaners,['environmentally friendly cleaners'],closest match: environmentally friendly (score: 0.7690)
epidemiological monitoring,['epidemiological monitoring'],closest match: public health monitoring (score: 0.7744)
evacuation strategies,['evacuation strategies'],closest match: emergency evacuation (score: 0.7481)
face masks,['face masks'],closest match: antiviral face masks (score: 0.6767)
facility health,['facility health'],closest match: employee health (score: 0.6986)
facility management,['facility management'],closest match: facility health (score: 0.6574)
far-uvc light,"['far-uvc light', 'uvc light']",closest match: uv-c light purification (score: 0.7600)
farm data analytics,['farm data analytics'],closest match: data analytics (score: 0.6755)
farm management,['farm management'],closest match: crop management (score: 0.7965)
fda-cleared devices,['fda-cleared devices'],closest match: medical devices (score: 0.6946)
fertilizer reduction,['fertilizer reduction'],closest match: waste reduction (score: 0.6384)
fertilizer runoff,['fertilizer runoff'],closest match: fertilizer reduction (score: 0.6301)
financial inclusion,['financial inclusion'],closest match: climate finance (score: 0.4445)
first aid,['first aid'],closest match: emergency first aid (score: 0.7618)
first responder support,['first responder support'],closest match: emergency response (score: 0.6822)
flood monitoring,['flood monitoring'],closest match: flood management (score: 0.7432)
floods,['floods'],closest match: flood threats (score: 0.7628)
foliar spraying optimization,"['foliar spraying optimization', 'precision foliar spraying']",closest match: precision weed control (score: 0.5686)
food aid programs,['food aid programs'],closest match: emergency food programs (score: 0.7304)
food and water,['food and water'],closest match: food access (score: 0.6287)
food and water safety,['food and water safety'],closest match: food safety (score: 0.7759)
food contamination detection,['food contamination detection'],closest match: food product contamination (score: 0.7306)
food loss,['food loss'],closest match: food safety (score: 0.7148)
food production,['food production'],closest match: food systems (score: 0.6928)
food safety monitoring,['food safety monitoring'],closest match: food safety (score: 0.7965)
food sustainability,['food sustainability'],closest match: energy sustainability (score: 0.7454)
food system resilience,['food system resilience'],closest match: food systems (score: 0.7588)
foodborne illness,['foodborne illness'],closest match: food safety (score: 0.6569)
foodborne pathogen detection,"['foodborne pathogen detection', 'foodborne pathogen testing']",closest match: food contamination detection (score: 0.7962)
forest ecosystems,['forest ecosystems'],closest match: forest management (score: 0.6750)
fossil fuels,['fossil fuels'],closest match: renewable fuels (score: 0.6014)
functional medicine,['functional medicine'],closest match: environmental medicine (score: 0.5656)
gastrointestinal symptoms,['gastrointestinal symptoms'],closest match: foodborne illness (score: 0.4301)
gene therapeutics,['gene therapeutics'],closest match: cell therapeutics (score: 0.7918)
genetic engineering,['genetic engineering'],closest match: gene therapeutics (score: 0.5990)
genetic enhancement,['genetic enhancement'],closest match: genetic engineering (score: 0.7803)
geospatial analytics,['geospatial analytics'],closest match: environmental analytics (score: 0.6532)
geospatial intelligence,['geospatial intelligence'],closest match: geospatial analytics (score: 0.7438)
global health diagnostics,"['global health diagnostics', 'public health diagnostics']",closest match: global health (score: 0.7165)
glycovirology,['glycovirology'],closest match: viral pathogens (score: 0.4757)
green chemistry,['green chemistry'],closest match: environmentally friendly (score: 0.6634)
green infrastructure,"['green infrastructure', 'green infrastructure projects']",closest match: climate-smart infrastructure (score: 0.6093)
green jobs,['green jobs'],closest match: green infrastructure (score: 0.6640)
green manufacturing,['green manufacturing'],closest match: green chemistry (score: 0.7939)
greenhouse gas tracking,['greenhouse gas tracking'],closest match: greenhouse gas assessment (score: 0.7960)
greywater systems,['greywater systems'],closest match: stormwater systems (score: 0.7098)
grid modernization,['grid modernization'],closest match: digital transformation (score: 0.4722)
groundwater programs,['groundwater programs'],closest match: water programs (score: 0.7743)
groundwater-sourced geothermal,['groundwater-sourced geothermal'],closest match: geothermal heating (score: 0.7219)
gut health,['gut health'],closest match: human health (score: 0.5620)
gut microbiome,['gut microbiome'],closest match: skin microbiome (score: 0.7934)
hail damage,['hail damage'],closest match: water damage restoration (score: 0.4400)
hailstorms,['hailstorms'],closest match: hail damage (score: 0.6994)
hazard monitoring,"['hazard monitoring', 'hazard reporting']",closest match: hazard mitigation (score: 0.7008)
hazardous weather detection,['hazardous weather detection'],closest match: hazard monitoring (score: 0.6856)
health analytics,"['health analytics', 'health data analytics', 'public health analytics']",closest match: ai health analytics (score: 0.7960)
health and environment,"['health and environment', 'health and environmental policy']",closest match: environmental health (score: 0.7683)
health and social services,['health and social services'],closest match: health services (score: 0.7928)
health and wellness,['health and wellness'],closest match: health promotion (score: 0.7114)
health coaching,['health coaching'],closest match: health training (score: 0.7218)
health communications,['health communications'],closest match: health education (score: 0.7097)
health crisis management,"['health crisis management', 'health crisis response']",closest match: emergency crisis management (score: 0.7587)
health emergencies,"['health emergencies', 'public health emergencies']",closest match: ai in health emergencies (score: 0.7594)
health emergency planning,['health emergency planning'],closest match: emergency preparedness (score: 0.7614)
health emergency technology,['health emergency technology'],closest match: emergency medical technology (score: 0.7744)
health it solutions,['health it solutions'],closest match: health technology (score: 0.6849)
health literacy,['health literacy'],closest match: health communications (score: 0.6421)
health management,['health management'],closest match: health data management (score: 0.7555)
health navigation,['health navigation'],closest match: health communications (score: 0.6011)
health outcomes,['health outcomes'],closest match: clinical outcomes (score: 0.7748)
health policies,"['health policies', 'health policy']",closest match: health services (score: 0.6262)
health preparedness,"['health preparedness', 'public health preparedness']",closest match: emergency preparedness (score: 0.7702)
health relief,['health relief'],closest match: stress relief (score: 0.6362)
health research,['health research'],closest match: clinical research (score: 0.7469)
health risk analytics,['health risk analytics'],closest match: health analytics (score: 0.7915)
health risk detection,['health risk detection'],closest match: health risk analytics (score: 0.7734)
health risk management,"['health risk management', 'health risk reduction', 'public health risk management']",closest match: health management (score: 0.7626)
health risk modeling,['health risk modeling'],closest match: health risk analytics (score: 0.7991)
health safety software,['health safety software'],closest match: health and safety programs (score: 0.6677)
health safety training,"['health safety training', 'safety training']",closest match: health safety software (score: 0.7712)
health screening tools,['health screening tools'],closest match: ai health screening (score: 0.7516)
health surveillance,"['health surveillance', 'public health surveillance']",closest match: disease surveillance (score: 0.7530)
health system strengthening,"['health system strengthening', 'health systems strengthening']",closest match: health systems (score: 0.6617)
health tracking,['health tracking'],closest match: health monitoring (score: 0.7372)
health worker training,['health worker training'],closest match: health training (score: 0.7488)
health-supportive environments,['health-supportive environments'],closest match: healthcare environments (score: 0.6822)
healthcare costs reduction,['healthcare costs reduction'],closest match: healthcare delivery (score: 0.6212)
healthcare efficiency,['healthcare efficiency'],closest match: healthcare quality (score: 0.7106)
healthcare integration,['healthcare integration'],closest match: healthcare delivery (score: 0.6825)
healthcare partnerships,['healthcare partnerships'],closest match: healthcare integration (score: 0.6736)
healthcare providers,['healthcare providers'],closest match: healthcare delivery (score: 0.6895)
healthcare scalability,['healthcare scalability'],closest match: healthcare infrastructure (score: 0.6959)
healthy living,['healthy living'],closest match: health and wellness (score: 0.7324)
heart rate variability,['heart rate variability'],closest match: blood flow monitoring (score: 0.4324)
heat exchange,['heat exchange'],closest match: heat transfer (score: 0.7237)
heat regulation,['heat regulation'],closest match: thermal regulation (score: 0.7539)
hematology,['hematology'],closest match: hemorrhage control (score: 0.4767)
hematology products,['hematology products'],closest match: hematology (score: 0.7614)
hemostasis,['hemostasis'],closest match: hemostatic treatment (score: 0.7102)
hepa filters,['hepa filters'],closest match: air filtration (score: 0.6290)
hierarchically porous carbon,['hierarchically porous carbon'],closest match: biochar (score: 0.4440)
home diagnostics,['home diagnostics'],closest match: digital diagnostics (score: 0.7592)
hormonal disorders,['hormonal disorders'],closest match: hormone balance (score: 0.6391)
hospital preparedness,['hospital preparedness'],closest match: health preparedness (score: 0.7371)
hospital readmission reduction,['hospital readmission reduction'],closest match: healthcare costs reduction (score: 0.5508)
household toxins,['household toxins'],closest match: environmental contaminants (score: 0.5734)
human health tracking,['human health tracking'],closest match: health tracking (score: 0.7688)
human sensing,['human sensing'],closest match: biomedical sensing (score: 0.5824)
human-centered design,['human-centered design'],closest match: human sensing (score: 0.5160)
hurricanes,['hurricanes'],closest match: hailstorms (score: 0.6229)
hvac filtration,['hvac filtration'],closest match: air filtration (score: 0.7397)
hydration balance,['hydration balance'],closest match: electrolyte balance (score: 0.6123)
hydration monitoring,['hydration monitoring'],closest match: health monitoring (score: 0.7354)
hydration prediction,['hydration prediction'],closest match: hydrating (score: 0.6824)
hydration technology,['hydration technology'],closest match: hydration prediction (score: 0.7026)
hydration tracking,['hydration tracking'],closest match: health tracking (score: 0.7507)
hydrothermal processing,['hydrothermal processing'],closest match: geothermal heating (score: 0.6164)
hypothermia prevention,['hypothermia prevention'],closest match: heat stress prevention (score: 0.5870)
hypoxia management,"['hypoxia management', 'hypoxia treatment']",closest match: oxygen therapy (score: 0.6377)
immigrant health,['immigrant health'],closest match: homelessness health (score: 0.5000)
immune gene vaccines,['immune gene vaccines'],closest match: rna vaccines (score: 0.6480)
immune health,['immune health'],closest match: immune function (score: 0.7441)
immune regulation,['immune regulation'],closest match: immune function (score: 0.7775)
immune resilience,['immune resilience'],closest match: health resilience (score: 0.7387)
immune sensor activation,['immune sensor activation'],closest match: biosensors (score: 0.5612)
immune system stimulation,['immune system stimulation'],closest match: immune system support (score: 0.7025)
immunity,['immunity'],closest match: immune function (score: 0.7121)
immunization technology,['immunization technology'],closest match: immunizations (score: 0.6704)
immuno-oncology,['immuno-oncology'],closest match: immunotherapy (score: 0.7648)
immunoassay technology,['immunoassay technology'],closest match: immunization technology (score: 0.7182)
immunoassays,['immunoassays'],closest match: immunoassay technology (score: 0.7958)
immunodeficiency,['immunodeficiency'],closest match: immunity (score: 0.6068)
immunology,['immunology'],closest match: immuno-oncology (score: 0.6981)
immunomodulation,['immunomodulation'],closest match: immunomodulatory therapies (score: 0.7976)
immunosuppressed patients,['immunosuppressed patients'],closest match: immunodeficiency (score: 0.5489)
incident management,['incident management'],closest match: emergency crisis management (score: 0.6921)
incident reporting,['incident reporting'],closest match: incident management (score: 0.6270)
indoor connectivity,['indoor connectivity'],closest match: indoor air quality (score: 0.5881)
indoor environment,['indoor environment'],closest match: indoor air quality (score: 0.7581)
indoor environmental triggers,['indoor environmental triggers'],closest match: indoor environment (score: 0.7277)
indoor farming,['indoor farming'],closest match: indoor environment (score: 0.7022)
industrial dyes removal,['industrial dyes removal'],closest match: heavy metals removal (score: 0.5040)
industrial safety,['industrial safety'],closest match: worker safety (score: 0.7275)
industrial wastewater,['industrial wastewater'],closest match: wastewater treatment (score: 0.6502)
industrial water solutions,['industrial water solutions'],closest match: industrial wastewater (score: 0.7433)
infection control technology,"['infection control technology', 'infectious disease control technology']",closest match: infection control (score: 0.7862)
infection diagnosis,['infection diagnosis'],closest match: infectious disease diagnostics (score: 0.7187)
infection monitoring,['infection monitoring'],closest match: disease monitoring (score: 0.7425)
infection risk,['infection risk'],closest match: infection prevention (score: 0.7420)
infectious disease screening,"['infectious disease screening', 'infectious disease testing']",closest match: infectious disease prevention (score: 0.7414)
infectious disease vaccines,['infectious disease vaccines'],closest match: rna vaccines (score: 0.7194)
influenza,['influenza'],closest match: infectious disease (score: 0.5541)
influenza detection,['influenza detection'],closest match: influenza (score: 0.7084)
influenza vaccines,['influenza vaccines'],closest match: influenza (score: 0.7477)
inhalation medicines,['inhalation medicines'],closest match: oral medications (score: 0.5461)
inhaled drug delivery,['inhaled drug delivery'],closest match: inhalation medicines (score: 0.6174)
injectable medications,['injectable medications'],closest match: oral medications (score: 0.6559)
innate immune sensor,['innate immune sensor'],closest match: immune sensor activation (score: 0.6968)
innovative drug development,['innovative drug development'],closest match: diagnostic innovation (score: 0.5967)
insurance and climate risk,['insurance and climate risk'],closest match: climate risk funding (score: 0.6941)
integrated mental health,['integrated mental health'],closest match: mental health (score: 0.6854)
integrated pest management,['integrated pest management'],closest match: automated pest management (score: 0.7191)
intranasal drug delivery,"['intranasal drug delivery', 'nasal drug delivery']",closest match: inhaled drug delivery (score: 0.7505)
inventory management,['inventory management'],closest match: demand management (score: 0.6508)
kn95 masks,['kn95 masks'],closest match: face masks (score: 0.6260)
laboratory automation,"['laboratory automation', 'laboratory automation tools']",closest match: diagnostic automation (score: 0.6757)
land stewardship,['land stewardship'],closest match: environmental stewardship (score: 0.6764)
landscaping operations,['landscaping operations'],closest match: land stewardship (score: 0.5341)
lead contamination,['lead contamination'],closest match: lead exposure (score: 0.7838)
liquid biopsy,['liquid biopsy'],closest match: molecular diagnostic test (score: 0.5471)
livestock health,['livestock health'],closest match: animal health (score: 0.6851)
local food production,['local food production'],closest match: food production (score: 0.7510)
long-term recovery,['long-term recovery'],closest match: recovery (score: 0.6941)
low-income communities,['low-income communities'],closest match: underserved populations (score: 0.6235)
lung cancer screening,['lung cancer screening'],closest match: cancer vaccines (score: 0.5822)
lung health,['lung health'],closest match: lung diseases (score: 0.7151)
lung infections,['lung infections'],closest match: lung diseases (score: 0.6909)
lung inflammation,['lung inflammation'],closest match: lung diseases (score: 0.6348)
lung sound monitoring,['lung sound monitoring'],closest match: breathing monitoring (score: 0.6364)
lung tumors,['lung tumors'],closest match: lung diseases (score: 0.6339)
machine learning diagnostics,['machine learning diagnostics'],closest match: machine learning (score: 0.6528)
machine learning in climate,['machine learning in climate'],closest match: machine learning (score: 0.6803)
malaria parasite,['malaria parasite'],closest match: infectious disease (score: 0.3979)
malaria prevention,['malaria prevention'],closest match: malaria parasite (score: 0.6645)
marine conservation,['marine conservation'],closest match: wildlife conservation (score: 0.6975)
market analytics,['market analytics'],closest match: data analytics (score: 0.6775)
mass spectrometry,['mass spectrometry'],closest match: multi-gas detection (score: 0.4639)
mast cell activation,"['mast cell activation', 'mast cell inflammation']",closest match: immune sensor activation (score: 0.5551)
maternal deliveries,['maternal deliveries'],closest match: maternal health (score: 0.6602)
medical communication,['medical communication'],closest match: health communications (score: 0.6890)
medical crisis response,['medical crisis response'],closest match: crisis response (score: 0.7932)
medical device development,['medical device development'],closest match: medical devices (score: 0.7534)
medical device innovation,['medical device innovation'],closest match: medical device development (score: 0.7966)
medical device safety,['medical device safety'],closest match: medical device development (score: 0.7744)
medical software,['medical software'],closest match: medical devices (score: 0.6893)
medical training,['medical training'],closest match: health training (score: 0.6623)
medical transportation,['medical transportation'],closest match: medical supply delivery (score: 0.5928)
medical waste disposal,['medical waste disposal'],closest match: hazardous waste management (score: 0.6951)
medical wearable sensors,"['medical wearable sensors', 'wearable biosensors', 'wearable health sensors', 'wearable sensor', 'wearable sensors']",closest match: wearable devices (score: 0.7496)
medication adherence,"['medication adherence', 'patient adherence']",closest match: oral medications (score: 0.5511)
medication delivery,['medication delivery'],closest match: medication adherence (score: 0.6810)
medication management,['medication management'],closest match: medication delivery (score: 0.7656)
meditation,['meditation'],closest match: stress management (score: 0.4329)
membrane technology,['membrane technology'],closest match: advanced membranes (score: 0.6352)
menopause support,['menopause support'],closest match: immune system support (score: 0.5068)
mental health crisis,['mental health crisis'],closest match: mental health (score: 0.7222)
mental health disparities,['mental health disparities'],closest match: health disparities (score: 0.7572)
mercury contamination,['mercury contamination'],closest match: lead contamination (score: 0.6616)
methane detection,['methane detection'],closest match: multi-gas detection (score: 0.7150)
methane emission reduction,"['methane emission reduction', 'methane emissions']",closest match: emissions reduction (score: 0.7269)
microbial balance,['microbial balance'],closest match: microbial diversity (score: 0.7188)
microbial cell-free dna,['microbial cell-free dna'],closest match: microbial genomics (score: 0.6062)
microbial disinfection,['microbial disinfection'],closest match: surface disinfection (score: 0.7584)
microbial ecosystems,['microbial ecosystems'],closest match: microbial diversity (score: 0.7680)
microbial extracellular vesicles,['microbial extracellular vesicles'],closest match: microbial cell-free dna (score: 0.5524)
microbial identification,"['microbial identification', 'rapid microbial identification']",closest match: microbial testing (score: 0.7878)
microbial products,['microbial products'],closest match: microbial solutions (score: 0.7905)
microbiome-derived products,['microbiome-derived products'],closest match: microbial products (score: 0.7843)
microencapsulated phase-change materials,['microencapsulated phase-change materials'],closest match: membrane technology (score: 0.4402)
microfinance,['microfinance'],closest match: financial inclusion (score: 0.5458)
microneedle vaccines,['microneedle vaccines'],closest match: rna vaccines (score: 0.6233)
mobile crisis response,['mobile crisis response'],closest match: medical crisis response (score: 0.7466)
mobile hygiene services,['mobile hygiene services'],closest match: mobile health centers (score: 0.6905)
modular medical facilities,['modular medical facilities'],closest match: health facilities (score: 0.5528)
mold detection,['mold detection'],closest match: mold assessments (score: 0.7774)
mold exposure,"['mold exposure', 'mold toxicity']",closest match: mold evaluations (score: 0.7433)
molecular pathogen detection,"['molecular pathogen detection', 'pathogen detection']",closest match: molecular diagnostic test (score: 0.7770)
monitoring and evaluation,['monitoring and evaluation'],closest match: clinical monitoring (score: 0.6832)
monoclonal antibodies,['monoclonal antibodies'],closest match: antibody therapies (score: 0.6528)
mosquito species,['mosquito species'],closest match: malaria parasite (score: 0.5162)
multidisciplinary health,['multidisciplinary health'],closest match: one health (score: 0.6144)
multiple micronutrient supplements,['multiple micronutrient supplements'],closest match: dietary supplements (score: 0.6570)
multiplex biomarker detection,['multiplex biomarker detection'],closest match: biomarker analysis (score: 0.6433)
muscle recovery,['muscle recovery'],closest match: recovery (score: 0.6110)
mycelium networks,['mycelium networks'],closest match: microbial ecosystems (score: 0.4894)
mycorrhizal fungi,['mycorrhizal fungi'],closest match: mycelium networks (score: 0.5878)
mycotoxin assessment,['mycotoxin assessment'],closest match: aflatoxin detection (score: 0.6546)
mycotoxin poisoning,['mycotoxin poisoning'],closest match: mycotoxin assessment (score: 0.7539)
mycotoxins,['mycotoxins'],closest match: mycotoxin poisoning (score: 0.7862)
nano-emulsion delivery,['nano-emulsion delivery'],closest match: intranasal drug delivery (score: 0.5470)
nano-leds,['nano-leds'],closest match: uv-c led (score: 0.5480)
nanofiber materials,['nanofiber materials'],closest match: nanotechnology filtration (score: 0.6051)
nanomedicine,['nanomedicine'],closest match: biomedical innovation (score: 0.5820)
nanomedicine antivirals,['nanomedicine antivirals'],closest match: nanomedicine (score: 0.7429)
nanoparticle technology,['nanoparticle technology'],closest match: nanotechnology filtration (score: 0.6777)
nanoparticle vaccines,['nanoparticle vaccines'],closest match: nanoparticle technology (score: 0.7800)
nanoscale ion exchange,['nanoscale ion exchange'],closest match: nanotechnology filtration (score: 0.5627)
nanotechnology biosensors,"['nanotechnology biosensors', 'nanotechnology diagnostics']",closest match: biosensors (score: 0.7217)
nanotechnology water solutions,['nanotechnology water solutions'],closest match: nanotechnology filtration (score: 0.7435)
nasal airflow,['nasal airflow'],closest match: nasal health (score: 0.7464)
natural climate solutions,['natural climate solutions'],closest match: climate-smart health solutions (score: 0.6881)
natural disaster prediction,"['natural disaster prediction', 'natural hazard forecasting']",closest match: environmental hazard prediction (score: 0.7137)
natural ingredients,['natural ingredients'],closest match: natural supplements (score: 0.6539)
nature-based solutions,['nature-based solutions'],closest match: natural climate solutions (score: 0.7650)
ndvi analytics,['ndvi analytics'],closest match: data analytics (score: 0.5802)
needle-free delivery,['needle-free delivery'],closest match: microneedle vaccines (score: 0.6203)
needle-free vaccines,['needle-free vaccines'],closest match: microneedle vaccines (score: 0.7979)
neonatal care,['neonatal care'],closest match: neonatal sepsis (score: 0.6701)
neurodegenerative diseases,['neurodegenerative diseases'],closest match: autoimmune diseases (score: 0.5398)
neuropeptides,['neuropeptides'],closest match: non-invasive neuromodulation (score: 0.4454)
nitric oxide delivery,['nitric oxide delivery'],closest match: nitrogen oxide reduction (score: 0.5872)
nitric oxide therapy,['nitric oxide therapy'],closest match: nitric oxide delivery (score: 0.7863)
nitrogen oxides,['nitrogen oxides'],closest match: nitrogen oxide reduction (score: 0.7707)
noise pollution,['noise pollution'],closest match: noise control (score: 0.7494)
non-emergency medical transportation,['non-emergency medical transportation'],closest match: medical transportation (score: 0.7828)
non-invasive assays,"['non-invasive assays', 'non-invasive diagnostics']",closest match: diagnostic assays (score: 0.7381)
non-invasive warming,['non-invasive warming'],closest match: non-invasive neuromodulation (score: 0.6114)
nuclear energy,['nuclear energy'],closest match: clean nuclear power (score: 0.7275)
nutrient cycling,['nutrient cycling'],closest match: nutrient recovery (score: 0.6363)
nutrient efficiency,['nutrient efficiency'],closest match: agro-input efficiency (score: 0.6728)
nutrient management,['nutrient management'],closest match: nutrient recovery (score: 0.6566)
nutrition education,['nutrition education'],closest match: health education (score: 0.7364)
nutrition equity,['nutrition equity'],closest match: health equity (score: 0.7438)
nutrition interventions,['nutrition interventions'],closest match: nutrition incentive (score: 0.7442)
nutrition policy,['nutrition policy'],closest match: nutrition incentive (score: 0.6983)
nutrition programs,['nutrition programs'],closest match: meal programs (score: 0.7862)
nutrition training,['nutrition training'],closest match: nutrition education (score: 0.7035)
nutritional health,['nutritional health'],closest match: nutritional support (score: 0.6980)
nutritious food,['nutritious food'],closest match: nutritional health (score: 0.7018)
obstructive mucus,['obstructive mucus'],closest match: mucosal barriers (score: 0.5391)
odor-resistant fabrics,['odor-resistant fabrics'],closest match: odor control (score: 0.7023)
off-grid energy,['off-grid energy'],closest match: distributed energy (score: 0.6438)
oil cleanup,['oil cleanup'],closest match: soil cleanup (score: 0.7145)
oncology,['oncology'],closest match: immuno-oncology (score: 0.7059)
opioid overdose,['opioid overdose'],closest match: opioid withdrawal (score: 0.7491)
oral biologics,['oral biologics'],closest match: biological treatment (score: 0.5476)
oral small molecule,['oral small molecule'],closest match: oral biologics (score: 0.5192)
organic coconut water,['organic coconut water'],closest match: drinking water (score: 0.4058)
organic waste destruction,['organic waste destruction'],closest match: food waste (score: 0.7168)
organic waste streams,['organic waste streams'],closest match: organic waste destruction (score: 0.7181)
orthostatic condition monitoring,['orthostatic condition monitoring'],closest match: blood pressure monitoring (score: 0.6453)
oxygen saturation,['oxygen saturation'],closest match: oxygenation (score: 0.7530)
oxygen transport,['oxygen transport'],closest match: oxygenation (score: 0.7282)
pain management,['pain management'],closest match: medication management (score: 0.5649)
pandemic response,['pandemic response'],closest match: pandemic preparedness (score: 0.7558)
panic buttons,['panic buttons'],closest match: alarm systems (score: 0.5165)
pap smear screening,['pap smear screening'],closest match: lung cancer screening (score: 0.6021)
parasitic infection diagnosis,['parasitic infection diagnosis'],closest match: infection diagnosis (score: 0.6691)
pathogen dna,"['pathogen dna', 'pathogen dna detection']",closest match: molecular pathogen detection (score: 0.5687)
pathogen elimination,['pathogen elimination'],closest match: pathogen suppression (score: 0.7552)
pathogen fingerprinting,['pathogen fingerprinting'],closest match: molecular pathogen detection (score: 0.6755)
pathogen quantification,['pathogen quantification'],closest match: pathogen fingerprinting (score: 0.6397)
pathogen reduction,['pathogen reduction'],closest match: pathogen elimination (score: 0.7868)
pathogen surveillance,"['pathogen surveillance', 'pathogen surveillance technology']",closest match: disease surveillance (score: 0.7764)
pathogens,['pathogens'],closest match: pathogen dna (score: 0.6764)
patient access,['patient access'],closest match: healthcare access (score: 0.7049)
patient care,['patient care'],closest match: primary care (score: 0.6714)
patient data,['patient data'],closest match: public health data (score: 0.6527)
patient engagement,['patient engagement'],closest match: community engagement (score: 0.6718)
patient health management,['patient health management'],closest match: health management (score: 0.7362)
patient safety,['patient safety'],closest match: clinical safety (score: 0.7649)
patient self-care,"['patient self-care', 'patient self-management']",closest match: patient care (score: 0.7219)
patient-centered care,['patient-centered care'],closest match: patient care (score: 0.7118)
pcr diagnostic testing,"['pcr diagnostic testing', 'pcr testing']",closest match: rapid diagnostic testing (score: 0.6768)
personal protective equipment,['personal protective equipment'],closest match: firefighter equipment (score: 0.4674)
personalized treatment,['personalized treatment'],closest match: customized allergy care (score: 0.6190)
pharmacovigilance,['pharmacovigilance'],closest match: pathogen surveillance (score: 0.5462)
photocatalysis water treatment,['photocatalysis water treatment'],closest match: electrochemical water treatment (score: 0.7124)
photosynthesis improvement,['photosynthesis improvement'],closest match: air quality improvement (score: 0.5376)
physical comfort,['physical comfort'],closest match: thermal comfort (score: 0.7505)
physiological data analysis,['physiological data analysis'],closest match: biological data analysis (score: 0.7522)
physiological monitoring,['physiological monitoring'],closest match: biological monitoring (score: 0.6993)
plant biology,"['plant biology', 'plant pathology']",closest match: plant pests (score: 0.5488)
plant diseases,['plant diseases'],closest match: plant pests (score: 0.7890)
plant genetics,['plant genetics'],closest match: plant biology (score: 0.7666)
plant health,['plant health'],closest match: plant diseases (score: 0.7527)
plant immunity,['plant immunity'],closest match: plant biology (score: 0.5882)
plant nutrition,['plant nutrition'],closest match: plant health (score: 0.7978)
plant-based protein,['plant-based protein'],closest match: plant nutrition (score: 0.4818)
point-of-care diagnostics,"['point-of-care diagnostics', 'point-of-care testing']",closest match: clinical diagnostics (score: 0.6745)
point-of-care pathogen detection,['point-of-care pathogen detection'],closest match: point-of-care diagnostics (score: 0.7901)
point-of-use water purification,['point-of-use water purification'],closest match: water purification (score: 0.7681)
pollinator populations,['pollinator populations'],closest match: plant pests (score: 0.4427)
pollutant capture,['pollutant capture'],closest match: emissions capture (score: 0.7107)
pollution mitigation,"['pollution mitigation', 'pollution reduction']",closest match: pollution control (score: 0.7551)
portable units,['portable units'],closest match: modular medical facilities (score: 0.4883)
post-surgical respiratory care,['post-surgical respiratory care'],closest match: chronic respiratory care (score: 0.6350)
power outages,['power outages'],closest match: off-grid energy (score: 0.4958)
precision irrigation,['precision irrigation'],closest match: irrigation systems (score: 0.7237)
precision livestock farming,['precision livestock farming'],closest match: climate-smart livestock (score: 0.6333)
precision medicine,['precision medicine'],closest match: nanomedicine (score: 0.6411)
predictive hydration,['predictive hydration'],closest match: hydration prediction (score: 0.6886)
prehospital emergency care,['prehospital emergency care'],closest match: emergency first aid (score: 0.6911)
preparedness,['preparedness'],closest match: health preparedness (score: 0.7727)
preventive vaccines,['preventive vaccines'],closest match: preventive care (score: 0.7677)
prognostic biomarkers,['prognostic biomarkers'],closest match: biomarkers (score: 0.6542)
property insurance,['property insurance'],closest match: crop insurance (score: 0.6079)
property risk assessment,['property risk assessment'],closest match: disease risk assessment (score: 0.6338)
protein engineering,['protein engineering'],closest match: genetic engineering (score: 0.6429)
proton therapy,['proton therapy'],closest match: cancer treatment (score: 0.5090)
psoriasis,['psoriasis'],closest match: skin diseases (score: 0.5776)
public health and climate,['public health and climate'],closest match: climate and health (score: 0.7606)
public health infrastructure,['public health infrastructure'],closest match: healthcare infrastructure (score: 0.7575)
public health initiatives,['public health initiatives'],closest match: community-based initiatives (score: 0.6747)
public health outreach,['public health outreach'],closest match: community outreach (score: 0.7552)
public health policy,['public health policy'],closest match: public health (score: 0.7745)
public health products,['public health products'],closest match: health products (score: 0.7749)
public health staff,['public health staff'],closest match: public health outreach (score: 0.6912)
public health testing,['public health testing'],closest match: public health monitoring (score: 0.7323)
public programs,['public programs'],closest match: groundwater programs (score: 0.7043)
public safety management,['public safety management'],closest match: public safety (score: 0.7670)
public safety technology,['public safety technology'],closest match: public safety (score: 0.7461)
pulmonary disease management,"['pulmonary disease management', 'respiratory disease management']",closest match: lung disease treatment (score: 0.7003)
pulmonary inflammation,['pulmonary inflammation'],closest match: lung inflammation (score: 0.7034)
pulmonary rehabilitation,['pulmonary rehabilitation'],closest match: pulmonary disease management (score: 0.6823)
pulse oximetry,['pulse oximetry'],closest match: blood oxygen monitoring (score: 0.7357)
rabies vaccination,['rabies vaccination'],closest match: rna vaccines (score: 0.5770)
radiotherapy,['radiotherapy'],closest match: proton therapy (score: 0.6521)
raman spectroscopy,['raman spectroscopy'],closest match: mass spectrometry (score: 0.5074)
rapid disease detection,['rapid disease detection'],closest match: rapid diagnostic testing (score: 0.7480)
rapid infuser,['rapid infuser'],closest match: air-to-water dispenser (score: 0.4895)
rapid microbial detection,['rapid microbial detection'],closest match: microbial testing (score: 0.7463)
rapid microbiology testing,['rapid microbiology testing'],closest match: rapid microbial detection (score: 0.7683)
refugee health,['refugee health'],closest match: immigrant health (score: 0.6360)
regulated gxp,['regulated gxp'],closest match: gene therapeutics (score: 0.4204)
reinsurance products,['reinsurance products'],closest match: insurance and climate risk (score: 0.5565)
remote data transmission,['remote data transmission'],closest match: remote healthcare (score: 0.6009)
remote diagnostics,['remote diagnostics'],closest match: digital diagnostics (score: 0.7867)
remote pulmonary care,['remote pulmonary care'],closest match: cardiopulmonary care (score: 0.6875)
remote sensing,['remote sensing'],closest match: advanced sensing (score: 0.5748)
remote therapy,['remote therapy'],closest match: remote healthcare (score: 0.7458)
remote vital signs monitoring,['remote vital signs monitoring'],closest match: remote patient monitoring (score: 0.7877)
renewable energy integration,['renewable energy integration'],closest match: renewable energy (score: 0.7506)
resiliency,['resiliency'],closest match: resilience building (score: 0.7989)
resilient insurance,['resilient insurance'],closest match: resiliency (score: 0.6843)
resource recovery,['resource recovery'],closest match: recovery (score: 0.7276)
respiratory conditions,['respiratory conditions'],closest match: respiratory diseases (score: 0.7907)
respiratory diagnostics,['respiratory diagnostics'],closest match: respiratory infection testing (score: 0.7133)
respiratory illness,"['respiratory illness', 'respiratory illnesses']",closest match: respiratory diseases (score: 0.7992)
respiratory inflammation,['respiratory inflammation'],closest match: pulmonary inflammation (score: 0.7830)
respiratory monitoring devices,"['respiratory monitoring devices', 'respiratory monitoring technology']",closest match: breathing monitoring (score: 0.7678)
respiratory patient care,['respiratory patient care'],closest match: post-surgical respiratory care (score: 0.6948)
respiratory protection,['respiratory protection'],closest match: respiratory health (score: 0.6544)
respiratory rate,['respiratory rate'],closest match: respiratory function (score: 0.6261)
respiratory rehabilitation,['respiratory rehabilitation'],closest match: pulmonary rehabilitation (score: 0.7835)
respiratory rna therapeutics,['respiratory rna therapeutics'],closest match: respiratory vaccines (score: 0.6323)
respiratory syncytial virus,['respiratory syncytial virus'],closest match: respiratory viral infections (score: 0.6868)
respiratory therapy,"['respiratory therapy', 'respiratory therapy devices']",closest match: respiratory rehabilitation (score: 0.7377)
respiratory tract delivery,['respiratory tract delivery'],closest match: respiratory patient care (score: 0.5959)
risk assessment,['risk assessment'],closest match: property risk assessment (score: 0.7165)
risk management,['risk management'],closest match: energy risk management (score: 0.7804)
risk mitigation technology,['risk mitigation technology'],closest match: disaster mitigation (score: 0.6847)
rna delivery,['rna delivery'],closest match: dna-based therapeutics (score: 0.5314)
rna extraction,['rna extraction'],closest match: rna delivery (score: 0.6312)
rna interference,['rna interference'],closest match: rna delivery (score: 0.5772)
rna stabilization,['rna stabilization'],closest match: rna delivery (score: 0.6194)
rna therapeutics,['rna therapeutics'],closest match: gene therapeutics (score: 0.7825)
safety and warmth,['safety and warmth'],closest match: physical comfort (score: 0.5527)
safety education,['safety education'],closest match: fire safety education (score: 0.7845)
safety management,"['safety management', 'safety management software']",closest match: public safety management (score: 0.7980)
saliva-based tests,['saliva-based tests'],closest match: clinical test kits (score: 0.5813)
sample management,['sample management'],closest match: clinical sample analysis (score: 0.6153)
sanitizers,['sanitizers'],closest match: disinfectants (score: 0.7839)
satellite data,"['satellite data', 'satellite imagery']",closest match: atmospheric data (score: 0.5898)
satellite imagery water monitoring,['satellite imagery water monitoring'],closest match: satellite data (score: 0.7167)
seed germination,['seed germination'],closest match: plant health (score: 0.4740)
seed treatment,['seed treatment'],closest match: seed germination (score: 0.6999)
seismic monitoring,['seismic monitoring'],closest match: seismic control (score: 0.7452)
self-guided therapy,['self-guided therapy'],closest match: remote therapy (score: 0.6247)
severe asthma,['severe asthma'],closest match: asthma (score: 0.7083)
severe weather alerts,['severe weather alerts'],closest match: severe weather events (score: 0.7605)
sexually transmitted infections,['sexually transmitted infections'],closest match: viral infections (score: 0.5478)
single-cell microbiology,['single-cell microbiology'],closest match: microbial diversity (score: 0.6341)
sinus pain relief,['sinus pain relief'],closest match: chronic sinusitis (score: 0.5827)
skin healing,['skin healing'],closest match: skin health (score: 0.6709)
sleep interventions,['sleep interventions'],closest match: sleep support (score: 0.6769)
smart city infrastructure,['smart city infrastructure'],closest match: climate-smart infrastructure (score: 0.6286)
smart farming,['smart farming'],closest match: farm management (score: 0.6936)
smart hvac,['smart hvac'],closest match: energy-efficient hvac (score: 0.7647)
social equity,['social equity'],closest match: nutrition equity (score: 0.7409)
soil amendments,['soil amendments'],closest match: soil remediation (score: 0.6645)
soil biodiversity,['soil biodiversity'],closest match: soil health (score: 0.6880)
soil carbon,"['soil carbon', 'soil carbon sensor']",closest match: soil biodiversity (score: 0.6779)
soil equity,['soil equity'],closest match: social equity (score: 0.6980)
soil microbiome,"['soil microbiome', 'soil microbiome dna']",closest match: soil biodiversity (score: 0.7652)
soil moisture analytics,['soil moisture analytics'],closest match: soil quality data (score: 0.6391)
soil organism preservation,['soil organism preservation'],closest match: soil biodiversity (score: 0.6464)
soil sampling,['soil sampling'],closest match: soil quality data (score: 0.7271)
solar generators,['solar generators'],closest match: solar power (score: 0.7325)
stakeholder collaboration,"['stakeholder collaboration', 'stakeholder engagement']",closest match: community engagement (score: 0.5687)
storm monitoring,"['storm monitoring', 'weather monitoring']",closest match: flood monitoring (score: 0.7388)
stress regulation,['stress regulation'],closest match: stress management (score: 0.7690)
stroke monitoring,['stroke monitoring'],closest match: hydration monitoring (score: 0.7142)
structural monitoring,['structural monitoring'],closest match: storm monitoring (score: 0.7406)
subclinical mastitis,['subclinical mastitis'],closest match: chronic sinusitis (score: 0.4272)
substance use responders,['substance use responders'],closest match: emergency response (score: 0.4726)
substance use treatment,['substance use treatment'],closest match: substance use responders (score: 0.7152)
subunit vaccines,['subunit vaccines'],closest match: rna vaccines (score: 0.6966)
supply chain resilience,['supply chain resilience'],closest match: supply chains (score: 0.6730)
supply chain transparency,['supply chain transparency'],closest match: supply chain resilience (score: 0.7182)
sustainability education,['sustainability education'],closest match: sustainability (score: 0.7599)
sustainability efforts,"['sustainability efforts', 'sustainability initiatives']",closest match: sustainability (score: 0.7371)
sustainability goals,['sustainability goals'],closest match: sustainability efforts (score: 0.7544)
sustainable ballast water treatment,['sustainable ballast water treatment'],closest match: ballast water management (score: 0.7315)
sustainable crop inputs,['sustainable crop inputs'],closest match: sustainable agriculture (score: 0.6873)
sustainable development,"['sustainable development', 'sustainable urban development']",closest match: sustainable growth (score: 0.7758)
sustainable fishing,['sustainable fishing'],closest match: sustainable farming (score: 0.7039)
sustainable health solutions,['sustainable health solutions'],closest match: health it solutions (score: 0.7512)
sustainable land use,['sustainable land use'],closest match: sustainable agriculture (score: 0.7079)
sustainable landscaping,['sustainable landscaping'],closest match: sustainable land use (score: 0.7010)
sustainable livelihoods,['sustainable livelihoods'],closest match: sustainable living (score: 0.7494)
sustainable plastics,['sustainable plastics'],closest match: sustainable materials (score: 0.7507)
sustainable resource management,['sustainable resource management'],closest match: natural resources management (score: 0.7094)
sustainable resource recovery,['sustainable resource recovery'],closest match: sustainable resource management (score: 0.7923)
sustainable support,['sustainable support'],closest match: sustainable living (score: 0.6792)
swine vaccines,['swine vaccines'],closest match: rna vaccines (score: 0.7044)
targeted therapies,['targeted therapies'],closest match: immunotherapies (score: 0.6440)
telecommunication systems,['telecommunication systems'],closest match: disaster communication systems (score: 0.6126)
telehealth platforms,['telehealth platforms'],closest match: telehealth (score: 0.7955)
telepathology,['telepathology'],closest match: telemedicine (score: 0.6067)
temperature monitoring,"['temperature monitoring', 'temperature sensing', 'temperature sensors']",closest match: temperature control (score: 0.7762)
temperature-stable vaccines,['temperature-stable vaccines'],closest match: rna vaccines (score: 0.6130)
thermal burn wounds,['thermal burn wounds'],closest match: heat-related injuries (score: 0.5992)
thermal conductivity,['thermal conductivity'],closest match: thermal resistance (score: 0.7689)
thermal imagery,['thermal imagery'],closest match: thermal performance (score: 0.6369)
thermal measurement,['thermal measurement'],closest match: temperature monitoring (score: 0.7476)
thermal runaway prevention,['thermal runaway prevention'],closest match: fire prevention technology (score: 0.5965)
thermal salt separation,['thermal salt separation'],closest match: desalination (score: 0.5785)
thermoregulation,['thermoregulation'],closest match: thermal regulation (score: 0.7454)
tick species,['tick species'],closest match: mosquito species (score: 0.5039)
toxic chemical removal,['toxic chemical removal'],closest match: toxic waste reduction (score: 0.7176)
toxic chemical risk,['toxic chemical risk'],closest match: toxic chemical removal (score: 0.7395)
toxic environment,['toxic environment'],closest match: toxic chemical risk (score: 0.7599)
toxic exposure prevention,['toxic exposure prevention'],closest match: toxic waste reduction (score: 0.6651)
toxic gas remediation,"['toxic gas remediation', 'toxic pollution remediation']",closest match: toxic chemical removal (score: 0.7357)
toxic pollution,['toxic pollution'],closest match: toxic environment (score: 0.7710)
toxic waste backhaul,['toxic waste backhaul'],closest match: toxic waste reduction (score: 0.7032)
toxic-free living,['toxic-free living'],closest match: toxic waste reduction (score: 0.6683)
toxicity regulation,['toxicity regulation'],closest match: toxic chemical risk (score: 0.6411)
toxicity testing,['toxicity testing'],closest match: toxicity regulation (score: 0.7523)
toxin levels,['toxin levels'],closest match: toxicity testing (score: 0.5854)
toxin testing,['toxin testing'],closest match: toxin levels (score: 0.7754)
toxin-free materials,['toxin-free materials'],closest match: toxic-free living (score: 0.6599)
transdermal vaccines,['transdermal vaccines'],closest match: needle-free vaccines (score: 0.5985)
trauma recovery,['trauma recovery'],closest match: trauma (score: 0.7973)
travel health,['travel health'],closest match: health technology (score: 0.6148)
travel medicine,['travel medicine'],closest match: travel health (score: 0.7952)
tribal health,['tribal health'],closest match: community health (score: 0.5811)
tumor antigen targeting,['tumor antigen targeting'],closest match: targeted therapies (score: 0.6036)
tumor microenvironment,['tumor microenvironment'],closest match: tumor antigen targeting (score: 0.6183)
tumor temperature,['tumor temperature'],closest match: tumor microenvironment (score: 0.6386)
unintentional injury prevention,['unintentional injury prevention'],closest match: infection prevention (score: 0.5718)
urban development,['urban development'],closest match: urban agriculture (score: 0.6626)
urban health,['urban health'],closest match: urban development (score: 0.6696)
urban heat,['urban heat'],closest match: urban health (score: 0.7102)
urban heat reduction,['urban heat reduction'],closest match: urban heat (score: 0.7956)
urban migrant health,['urban migrant health'],closest match: immigrant health (score: 0.7000)
urban resilience,['urban resilience'],closest match: community resilience (score: 0.6896)
usda organic certified,['usda organic certified'],closest match: sustainable agriculture (score: 0.4613)
uv disinfection,"['uv disinfection', 'uv light disinfection']",closest match: uv-c light purification (score: 0.6817)
uv filtering,['uv filtering'],closest match: advanced filtration (score: 0.6059)
vaccine clinical trials,['vaccine clinical trials'],closest match: vaccine research (score: 0.7247)
vaccine cold chain reduction,['vaccine cold chain reduction'],closest match: cold-chain logistics (score: 0.6503)
vaccine immunogenicity,['vaccine immunogenicity'],closest match: vaccine formulation (score: 0.6725)
vaccine logistics,['vaccine logistics'],closest match: vaccine delivery (score: 0.7728)
vaccine stability,"['vaccine stability', 'vaccine thermostability']",closest match: temperature-stable vaccines (score: 0.6847)
vector control,['vector control'],closest match: communicable disease control (score: 0.4113)
vector surveillance,['vector surveillance'],closest match: pathogen surveillance (score: 0.5859)
ventilation monitoring,['ventilation monitoring'],closest match: breathing monitoring (score: 0.7724)
ventilation systems,['ventilation systems'],closest match: ventilation (score: 0.7609)
ventilator-associated pneumonia,['ventilator-associated pneumonia'],closest match: ventilation monitoring (score: 0.5209)
viral entry inhibition,['viral entry inhibition'],closest match: antiviral drug discovery (score: 0.5799)
viral mutations,['viral mutations'],closest match: viral infections (score: 0.7073)
viral neutralization,['viral neutralization'],closest match: viral entry inhibition (score: 0.6880)
viral variants detection,['viral variants detection'],closest match: covid-19 detection (score: 0.6387)
virtual care,['virtual care'],closest match: remote healthcare (score: 0.7051)
virtual consultations,['virtual consultations'],closest match: virtual care (score: 0.7307)
virtual health programs,['virtual health programs'],closest match: virtual care (score: 0.7279)
virtual mental health,['virtual mental health'],closest match: digital mental health (score: 0.7968)
virtual reality training,['virtual reality training'],closest match: remote therapy (score: 0.5478)
virus disinfection,['virus disinfection'],closest match: disinfection (score: 0.7645)
virus inactivation,['virus inactivation'],closest match: virus disinfection (score: 0.7463)
virus-like particle vaccines,"['virus-like particle vaccines', 'virus-like particles']",closest match: nanoparticle vaccines (score: 0.6471)
visitor management,['visitor management'],closest match: demand management (score: 0.5069)
vital signs monitoring,['vital signs monitoring'],closest match: remote vital signs monitoring (score: 0.7292)
vitamin a supplementation,['vitamin a supplementation'],closest match: vitamin therapy (score: 0.6506)
vitamin status,['vitamin status'],closest match: vitamin therapy (score: 0.6278)
vitamins b12,['vitamins b12'],closest match: vitamin c (score: 0.5656)
vitamins b5,['vitamins b5'],closest match: vitamins b12 (score: 0.6898)
volatil organic compounds,"['volatil organic compounds', 'volatile organic compounds']",closest match: hazardous chemicals (score: 0.4395)
volume resuscitation,['volume resuscitation'],closest match: respiratory patient care (score: 0.5343)
vortex-based wastewater treatment,['vortex-based wastewater treatment'],closest match: wastewater treatment (score: 0.7118)
warmth technology,['warmth technology'],closest match: thermal comfort (score: 0.6981)
wash projects,['wash projects'],closest match: wash solutions (score: 0.7741)
waste heat utilization,['waste heat utilization'],closest match: water waste (score: 0.6052)
waste management,['waste management'],closest match: wastewater management (score: 0.7872)
wastewater networks,['wastewater networks'],closest match: wastewater solutions (score: 0.7589)
water accessibility,['water accessibility'],closest match: water efficiency (score: 0.7471)
water and wastewater services,['water and wastewater services'],closest match: water utilities (score: 0.7612)
water consumption analytics,['water consumption analytics'],closest match: water data analytics (score: 0.7681)
water cycle management,['water cycle management'],closest match: water management (score: 0.7758)
water disinfection,"['water disinfection', 'water disinfection chemicals']",closest match: disinfection (score: 0.7321)
water filtration nanomaterials,['water filtration nanomaterials'],closest match: nanotechnology filtration (score: 0.7651)
water footprint reduction,['water footprint reduction'],closest match: water conservation (score: 0.6601)
water forecasting,['water forecasting'],closest match: water management (score: 0.7455)
water preservation,['water preservation'],closest match: water conservation (score: 0.7954)
water rebates,['water rebates'],closest match: grass rebates (score: 0.7273)
water recovery,['water recovery'],closest match: water reclamation (score: 0.7489)
water safety,['water safety'],closest match: water risk (score: 0.6948)
water security,['water security'],closest match: water risk (score: 0.7797)
water system sustainability,['water system sustainability'],closest match: water system management (score: 0.7801)
water usage,"['water usage', 'water usage reduction']",closest match: water conservation (score: 0.7707)
water-efficient landscaping,['water-efficient landscaping'],closest match: sustainable landscaping (score: 0.7706)
water-efficient technologies,['water-efficient technologies'],closest match: energy-efficient technologies (score: 0.7669)
water-repellent fabrics,['water-repellent fabrics'],closest match: water-resistant (score: 0.6710)
waterborne disease prevention,['waterborne disease prevention'],closest match: waterborne diseases (score: 0.7829)
waterborne toxin removal,['waterborne toxin removal'],closest match: toxic chemical removal (score: 0.6794)
watershed management,['watershed management'],closest match: water resource management (score: 0.7451)
wearable cooling,['wearable cooling'],closest match: energy-efficient cooling (score: 0.6732)
wearable heating,"['wearable heating', 'wearable warming', 'wearable warming technology']",closest match: wearable cooling (score: 0.7792)
wearable hydration monitors,['wearable hydration monitors'],closest match: wearable personal monitor (score: 0.7402)
wearable respiratory sensors,['wearable respiratory sensors'],closest match: medical wearable sensors (score: 0.7810)
weather radar,['weather radar'],closest match: weather data (score: 0.6882)
weather risk analytics,"['weather risk analytics', 'weather risk management']",closest match: climate hazard analytics (score: 0.7089)
weather-related hazards,['weather-related hazards'],closest match: climate-related risks (score: 0.7126)
weed control,['weed control'],closest match: precision weed control (score: 0.7830)
white blood cell count,['white blood cell count'],closest match: hematology (score: 0.4569)
white blood cell monitoring,['white blood cell monitoring'],closest match: white blood cell count (score: 0.7210)
wildfire smoke,['wildfire smoke'],closest match: wildfire risks (score: 0.7187)
wildfire smoke removal,['wildfire smoke removal'],closest match: wildfire smoke (score: 0.7728)
wildfires,['wildfires'],closest match: wildfire risks (score: 0.7571)
wood sealers,['wood sealers'],closest match: air sealants (score: 0.6662)
wound healing,['wound healing'],closest match: wound care (score: 0.7933)
zero liquid discharge,"['zero liquid discharge', 'zero-liquid discharge']",closest match: clean water (score: 0.4829)
zero-carbon future,['zero-carbon future'],closest match: carbon neutral economy (score: 0.6408)
zoonotic diseases,['zoonotic diseases'],closest match: infectious diseases (score: 0.6824)
